"y","x"
2,1.93623383366503
3,1.83411853155121
1,1.68344179634005
3,1.37638339586556
2,1.40810303715989
3,1.47246526298113
5,1.61337182461284
4,1.73243474587798
3,1.11189115396701
1,1.41905087721534
2,1.36940069310367
2,1.3610972983297
4,1.62774452613667
1,1.78212806838565
3,1.46238084579818
2,1.31873684842139
5,1.74607938667759
4,1.39707803190686
4,1.06607439904474
1,1.09685265342705
4,1.83841942809522
1,1.55801605805755
2,1.71781189204194
4,1.943674541777
4,1.08891362114809
1,1.90390837588347
2,1.86311194696464
1,1.4793546765577
8,1.30886240839027
2,1.23607458709739
1,1.55400408129208
2,1.20793055300601
2,1.47413166542538
4,1.29546599113382
4,1.53405221691355
3,1.38668524404056
3,1.64132905728184
2,1.46035785926506
3,1.28441289090551
3,1.51509673660621
4,1.43032970395871
3,1.54931925050914
6,1.88334702211432
1,1.83603864745237
1,1.93042500293814
3,1.62240632157773
3,1.94022168661468
1,1.59295724355616
5,1.65378097491339
2,1.0573087381199
2,1.38624002505094
3,1.93985905824229
5,1.15083837369457
3,1.32237859885208
0,1.65997589798644
5,1.89756458927877
4,1.61790817719884
2,1.80473311152309
3,1.25483613903634
6,1.39951012423262
2,1.44752380694263
2,1.6223824324552
2,1.43212089524604
1,1.85052816919051
2,1.81693181791343
2,1.27428537514061
3,1.21619303757325
0,1.42226598551497
0,1.61194136878476
1,1.08937544561923
7,1.69036850705743
3,1.62052892078646
3,1.77886713598855
4,1.94906408991665
1,1.53969599143602
2,1.07914205710404
4,1.84332367428578
4,1.15911264065653
8,1.9562587258406
5,1.6951370567549
5,1.25814748625271
3,1.74140552082099
5,1.59588260343298
2,1.13342891889624
6,1.89143162150867
2,1.50889721768908
1,1.9450350869447
0,1.1853540581651
2,1.06522648013197
1,1.11300995643251
2,1.51710242358968
4,1.106475768378
0,1.80829148483463
3,1.04485645564273
3,1.70122369611636
0,1.95941613125615
3,1.14736877894029
2,1.79004740784876
5,1.59974611410871
1,1.22607949352823
2,1.15421310812235
2,1.01690587680787
4,1.73395916866139
2,1.85020091966726
1,1.22622640966438
1,1.53707694681361
3,1.8636184881907
3,1.83593531441875
1,1.62397936428897
3,1.7424748451449
3,1.20323690422811
1,1.7571875944268
3,1.51059046410955
4,1.7611943918746
2,1.52348575461656
5,1.34718578215688
2,1.34334085066803
0,1.73791956412606
1,1.98059777193703
5,1.56685173790902
4,1.48619095701724
4,1.54473782586865
1,1.1460597186815
3,1.34481594874524
2,1.92934828577563
3,1.65123889478855
2,1.43646555766463
2,1.63455820712261
4,1.5652715258766
1,1.6168607599102
2,1.33221270306967
3,1.43425664142706
5,1.42116855992936
2,1.46970948087983
4,1.07737782341428
3,1.8362690617796
2,1.27803108212538
2,1.60003741551191
2,1.38493103440851
1,1.30056214332581
3,1.9700335978996
0,1.21424901089631
2,1.94044335954823
3,1.03731712233275
1,1.15901497914456
2,1.93634629249573
2,1.29839731706306
3,1.86693965783343
4,1.01785546774045
1,1.78126694564708
2,1.0364346660208
1,1.0941308287438
1,1.44170735008083
3,1.95316421240568
3,1.4527720741462
2,1.76766981324181
1,1.48737977445126
5,1.8559139338322
2,1.81507583428174
4,1.72593137924559
3,1.00039258901961
2,1.59606354450807
1,1.34581358055584
2,1.03656750288792
2,1.06165168480948
3,1.87839472433552
3,1.92412106879056
2,1.7237464056816
2,1.19818452466279
3,1.10394265083596
3,1.28820967581123
4,1.79055155464448
2,1.85947492718697
3,1.78983560530469
4,1.78114318056032
5,1.32503861468285
3,1.00163789349608
2,1.6462920694612
1,1.2343616283033
2,1.37455973518081
4,1.13438976439647
4,1.00928319687955
3,1.89739138027653
1,1.78620285284705
1,1.78755085146986
1,1.28876644559205
1,1.00831865496002
4,1.52997370366938
1,1.52032262715511
5,1.2059181004297
3,1.14975548977964
4,1.52521688630804
4,1.7708404569421
4,1.63460091524757
5,1.86238866788335
2,1.55459367041476
0,1.4285508103203
1,1.13537103356794
3,1.77945545315742
0,1.11023166542873
2,1.85317359375767
4,1.41346283978783
4,1.60777793359011
2,1.00193877890706
1,1.08686128933914
2,1.70098070870154
4,1.04835798125714
1,1.17745735961944
5,1.93592830048874
1,1.74363255524077
2,1.41773423622362
3,1.62999478005804
1,1.90313209802844
2,1.90432352246717
3,1.17958857561462
5,1.61223921505734
1,1.76392708229832
1,1.33266556030139
4,1.69131638738327
3,1.80216148262843
3,1.05732155358419
0,1.10655674128793
2,1.63649376551621
2,1.45224755560048
0,1.29106664727442
4,1.45516965934075
5,1.49246265529655
2,1.09654912212864
2,1.42249748925678
4,1.05120001523755
4,1.92745853611268
0,1.95957200601697
1,1.89432867313735
3,1.97806366393343
6,1.0628010109067
2,1.23181506991386
4,1.30844527529553
1,1.3750053870026
1,1.46931783948094
4,1.91117152455263
1,1.02400544588454
1,1.7362802263815
5,1.25347491237335
5,1.91795235802419
3,1.22401237511076
2,1.44570089201443
6,1.85664495057426
2,1.05933205224574
3,1.566316309385
3,1.83571082213894
2,1.16282866685651
2,1.78724093805067
3,1.14351249136962
3,1.36141369328834
3,1.05817737919278
0,1.80630457191728
2,1.90870149177499
3,1.56410186714493
2,1.94503354467452
2,1.46619832678698
3,1.47115965886042
2,1.74722267524339
5,1.54131617280655
2,1.41441482957453
3,1.49655071087182
4,1.79601869429462
1,1.6110070256982
1,1.17524101259187
2,1.72268465533853
1,1.11556509556249
0,1.86509174550883
2,1.7561145175714
4,1.95278965285979
2,1.2230311834719
2,1.80393279180862
4,1.77400290733203
2,1.39752254681662
3,1.99946840852499
2,1.7583941812627
3,1.5384540935047
7,1.77560518682003
0,1.2763284384273
7,1.45491906139068
4,1.85751743614674
4,1.04776545730419
3,1.14688442763872
4,1.80443865223788
3,1.90124866249971
2,1.53046011691913
2,1.42490205261856
3,1.27231244463474
2,1.69993160665035
2,1.29770759050734
3,1.59931086748838
5,1.34999336698093
2,1.01058044913225
4,1.59125090716407
3,1.92198515683413
2,1.2930072050076
1,1.66673191008158
3,1.27003539726138
1,1.30340835917741
3,1.83266120194457
4,1.67445350438356
5,1.96134012844414
3,1.75037743197754
1,1.23610678943805
5,1.74947116500698
4,1.56532100215554
1,1.62277287710458
1,1.42537844507024
3,1.78252337500453
4,1.06747333961539
3,1.23122582421638
4,1.04315269947983
1,1.0407468341291
3,1.68066888279282
6,1.86527356388979
2,1.02047862415202
1,1.96186807216145
2,1.87240391108207
3,1.79999027471058
3,1.31548144179396
5,1.34984548250213
4,1.98940469115041
0,1.37797555001453
5,1.21184771205299
2,1.27235610317439
4,1.89884702232666
1,1.51340610161424
5,1.37859655823559
2,1.52784434636123
2,1.8085668606218
3,1.41506639309227
4,1.89272157824598
5,1.30806064093485
4,1.41128351306543
3,1.48510824935511
1,1.1883418217767
4,1.6888171241153
0,1.97817464428954
1,1.78594588721171
3,1.72246636706404
2,1.33931860304438
2,1.25263308919966
6,1.2710874164477
2,1.68530759843998
3,1.60832835058682
1,1.2729385541752
3,1.34890143247321
2,1.5224310294725
2,1.65500791673549
2,1.11869413545355
4,1.98364587710239
8,1.34916082047857
5,1.71781646902673
3,1.95618750760332
2,1.56166961882263
1,1.12404510891065
1,1.18772300891578
6,1.38287349883467
5,1.57272018515505
0,1.90624705492519
1,1.33291015448049
5,1.27234504092485
5,1.33973861113191
3,1.46774347452447
5,1.25847430271097
2,1.62204511556774
3,1.57336789183319
3,1.5334605795797
5,1.20250550843775
3,1.34420048864558
1,1.97926055011339
2,1.54415721236728
2,1.12443513283506
3,1.03271013917401
3,1.98155236314051
5,1.55317364237271
2,1.86286923917942
4,1.68238834454678
1,1.00187970721163
2,1.66895647742786
0,1.11043413705193
3,1.96627879724838
2,1.20805986179039
2,1.44109121756628
2,1.78929076879285
2,1.35210854397155
3,1.0327994839754
2,1.22378256893717
5,1.82943830499426
7,1.23759024101309
3,1.38423507800326
0,1.19967884081416
4,1.95008088718168
3,1.90862217033282
2,1.58940094336867
1,1.45056523010135
2,1.42643109732307
1,1.95959528163075
2,1.92914349818602
2,1.37464492581785
3,1.10406987601891
0,1.56323711434379
0,1.43082721158862
2,1.37310977652669
2,1.55258304299787
4,1.75280035263859
1,1.67765766615048
0,1.01756164291874
7,1.74257465591654
2,1.28270978643559
1,1.93832627590746
3,1.09094310924411
2,1.68326913472265
3,1.87822398915887
8,1.82252410613
5,1.10634330078028
8,1.98911984730512
6,1.91536779562011
5,1.45904703531414
1,1.44120155344717
2,1.96627614786848
4,1.92864405270666
2,1.12554693082348
6,1.51029240363277
1,1.0042272140272
1,1.7950410253834
3,1.27696805004962
2,1.00946855498478
3,1.76126161590219
1,1.90752686373889
2,1.04217412136495
1,1.07653006189503
2,1.7742226049304
5,1.51466626161709
4,1.53022628254257
3,1.64519997755997
1,1.47766698990017
4,1.0640766818542
2,1.21036736783572
5,1.98839346598834
2,1.1343747174833
1,1.7888635774143
5,1.76365330885164
2,1.41533436533064
2,1.41845621028915
4,1.84789900761098
3,1.7014710449148
3,1.31285132607445
3,1.28960993420333
5,1.89242393686436
2,1.29644070053473
1,1.42647001077421
1,1.3737552119419
2,1.42130554001778
7,1.55023784097284
3,1.70737137179822
2,1.98552774777636
3,1.7069716474507
6,1.1251884389203
0,1.37222729180939
1,1.49578166869469
4,1.49694761796854
4,1.90847226465121
6,1.15923493704759
5,1.93506889301352
3,1.64248063671403
4,1.98803989472799
4,1.87301431177184
2,1.31072317040525
0,1.73082529823296
3,1.91466590692289
2,1.59452218469232
5,1.22575097600929
1,1.51365292398259
4,1.25226093945093
2,1.51564775966108
3,1.98166260286234
6,1.58594342693686
4,1.49014279688708
2,1.73162485705689
4,1.87820875318721
4,1.7368550223764
3,1.66098005161621
4,1.31593019189313
6,1.61252265772782
1,1.46117066894658
1,1.9933865130879
4,1.46617913828231
2,1.18770277663134
2,1.51481488556601
0,1.35007522045635
1,1.69945750851184
5,1.35116877267137
5,1.36591313406825
2,1.07505930890329
2,1.52917697001249
3,1.52044556313194
1,1.6717827769462
5,1.20583437010646
6,1.19229990500025
4,1.14461068063974
5,1.35267436131835
0,1.54354772274382
2,1.45189752662554
2,1.98388263909146
3,1.98485309188254
2,1.0944028145168
9,1.80160978366621
3,1.6008016159758
1,1.35140415793285
4,1.72367040393874
3,1.0923111862503
3,1.20648335013539
2,1.68777475133538
2,1.75884458469227
3,1.50078801135533
0,1.38556360569783
4,1.91070325952023
0,1.89546221029013
1,1.08657920686528
2,1.11150120873936
1,1.08273511659354
0,1.86252453830093
4,1.29697962617502
2,1.31934734946117
3,1.88902081456035
5,1.20570145989768
4,1.46601932495832
5,1.18819709541276
2,1.47310399194248
4,1.25531650008634
4,1.79367140936665
6,1.94883025367744
2,1.1477533034049
5,1.83611122099683
3,1.57195615256205
2,1.14061545324512
4,1.90314571163617
1,1.26409672247246
4,1.70464233262464
2,1.88796903286129
3,1.28175865672529
5,1.59795159823261
1,1.1325715277344
1,1.23110533622093
1,1.22885449626483
4,1.21563535835594
1,1.74600147362798
4,1.95913972984999
2,1.24351413035765
2,1.80154709587805
1,1.91570785478689
2,1.28170231427066
1,1.82701683766209
4,1.59030018560588
3,1.62052639853209
2,1.49913132586516
2,1.93409227859229
2,1.50718252477236
6,1.05233360175043
2,1.82509808125906
5,1.81102667259984
2,1.1847571968101
4,1.78378508402966
4,1.79275007522665
2,1.68723913468421
3,1.30671308515593
3,1.81803238322027
4,1.68847339926288
4,1.75876280502416
3,1.29240074660629
2,1.38911286043003
1,1.15002129296772
7,1.86400256538764
4,1.07341744704172
3,1.58621702669188
2,1.13119496032596
4,1.67412110720761
1,1.39764205389656
0,1.11290074326098
6,1.73309663427062
2,1.80140792066231
5,1.60525669134222
1,1.16785069345497
2,1.19819549797103
1,1.31506338063627
2,1.75698400731198
2,1.47832983802073
3,1.90152931259945
3,1.5708866934292
2,1.05689292051829
2,1.5856796191074
2,1.64522459823638
3,1.6890690647997
6,1.00031820288859
4,1.75190215045586
1,1.8634745371528
5,1.44239193969406
4,1.8254972237628
2,1.2232992106583
4,1.7648349495139
2,1.3038131033536
5,1.66962986625731
4,1.16686612553895
0,1.37740466394462
5,1.30958093702793
2,1.94398443377577
6,1.86882052780129
1,1.61035286262631
5,1.7972732919734
3,1.72814405243844
1,1.580610742094
1,1.54674469307065
3,1.76137391291559
2,1.12131343991496
4,1.55900813639164
3,1.9492326665204
2,1.51866640360095
2,1.65511610032991
2,1.94693786441348
3,1.76659837877378
2,1.57491954066791
1,1.37010583397932
5,1.46427423181012
1,1.43038151040673
1,1.35373395937495
1,1.6061607603915
4,1.25313815870322
1,1.14482658379711
6,1.65772303007543
1,1.89434211025946
4,1.3309880963061
3,1.76441578567028
5,1.54276610235684
3,1.04427013429813
3,1.81071780878119
2,1.652768709464
2,1.53294991189614
3,1.81524936319329
1,1.6353236543946
3,1.52011143160053
3,1.94401912298054
4,1.2591251693666
8,1.72916923789307
3,1.87834185408428
2,1.39329856121913
4,1.79116785782389
4,1.36309158103541
2,1.64029857702553
1,1.84971703332849
2,1.23679095623083
2,1.81763156922534
3,1.4398652499076
6,1.41999237262644
1,1.56373246689327
8,1.40019636135548
2,1.89191031316295
2,1.40876650228165
2,1.36525335628539
7,1.50967831048183
3,1.19788439152762
1,1.08915607910603
1,1.20276032062247
2,1.99974570074119
2,1.83042214647867
6,1.80582215730101
4,1.17975949356332
1,1.20224752090871
0,1.86067721061409
2,1.01141644828022
4,1.6470924387686
2,1.06632518186234
1,1.31747917458415
7,1.28002513060346
2,1.06329664797522
2,1.27444432349876
2,1.23527272092178
1,1.40780324232765
4,1.23891826975159
6,1.93457430880517
3,1.33740821108222
6,1.33186322194524
1,1.36140136211179
2,1.23123592906632
6,1.702414478641
3,1.8290413483046
5,1.36638428340666
2,1.40003520902246
7,1.97176193539053
3,1.54041956947185
4,1.67109574237838
4,1.61902111792006
3,1.05375373130664
6,1.7578928952571
4,1.50068795005791
3,1.5834783881437
3,1.87989255669527
2,1.35769933951087
5,1.92706436035223
0,1.12380065303296
2,1.57682470255531
4,1.06506171473302
3,1.21468942775391
5,1.84888385981321
3,1.99038184876554
6,1.11733517306857
3,1.47624677116983
2,1.92399311135523
5,1.58462580223568
2,1.58900053845719
5,1.12577014509588
3,1.38504742877558
5,1.82690262678079
5,1.9390013681259
4,1.05646312702447
10,1.95504213590175
5,1.36364825838245
4,1.46070617553778
2,1.63671624381095
6,1.2631720432546
3,1.70700608822517
4,1.78349283896387
1,1.14450411684811
3,1.18879294069484
0,1.84430664032698
5,1.30890123895369
1,1.51663985894993
1,1.00782412011176
2,1.55491620814428
4,1.61834774562158
3,1.28780970606022
3,1.28650988382287
6,1.04822744498961
3,1.59355108812451
7,1.94981525698677
2,1.05496917292476
2,1.14862088719383
4,1.80306392768398
4,1.96642407542095
4,1.30708932690322
4,1.92010223167017
5,1.90515965549275
2,1.44675188604742
4,1.76669670897536
3,1.36828202521428
2,1.02389895683154
3,1.78386377566494
3,1.13996390998363
4,1.58717102441005
0,1.34786354820244
1,1.87789517338388
0,1.84077370748855
1,1.82653374876827
3,1.26787126949057
3,1.52646279521286
3,1.52677683229558
1,1.66148627572693
2,1.40533619676717
5,1.61200064886361
3,1.08259488502517
3,1.11010236735456
4,1.93722592713311
0,1.2411242572125
2,1.00883448054083
3,1.1565553327091
1,1.15584451751783
1,1.53204398253001
2,1.91279373969883
3,1.22736379574053
6,1.988416939741
2,1.60987948579714
3,1.7055413343478
3,1.21038351557218
1,1.10413395846263
0,1.02407220844179
3,1.04894477617927
3,1.41307590180077
3,1.62749552656896
3,1.78453312069178
5,1.78111892100424
2,1.19308950868435
1,1.71496512321755
3,1.89362809876911
3,1.36561370408162
3,1.07140206266195
2,1.46187629713677
3,1.00621431646869
6,1.757487955736
2,1.14078765222803
3,1.37701284163631
5,1.9557893674355
2,1.36862953216769
5,1.75769353751093
1,1.82373055792414
2,1.95185794588178
2,1.34070788463578
3,1.90844072331674
2,1.74259501509368
5,1.48123030620627
1,1.84386183624156
3,1.37495320267044
1,1.1956267778296
4,1.76077544107102
4,1.80665702326223
5,1.27861523278989
4,1.50726387370378
3,1.47901784302667
4,1.94569767522626
3,1.10290431929752
1,1.66572208493017
2,1.24084178218618
2,1.22950173448771
4,1.70156169775873
3,1.01556441932917
1,1.4492261253763
2,1.7398724227678
5,1.47528739529662
1,1.88695035385899
7,1.05057221930474
1,1.79780814331025
2,1.13840183988214
3,1.71223631547764
2,1.00647759856656
2,1.61132202297449
3,1.62755555473268
3,1.7936897824984
1,1.44336181087419
2,1.46514250501059
3,1.01788701117039
4,1.67204476590268
3,1.8716948912479
3,1.85180515516549
2,1.79028484364972
4,1.37762405327521
2,1.25859601050615
2,1.72696163482033
3,1.7564876191318
1,1.47439079685137
2,1.85264331800863
4,1.20052940421738
5,1.98319174721837
3,1.12038401607424
3,1.67231379030272
5,1.97999633941799
3,1.11296156654134
0,1.42340866639279
4,1.45910619315691
1,1.77830227930099
1,1.63344580028206
3,1.61155439564027
4,1.31463259318843
3,1.58556388108991
2,1.44943598564714
5,1.63833416881971
2,1.24976664897986
3,1.45467882556841
3,1.38844730192795
2,1.45465772575699
1,1.01217504194938
1,1.29263041983359
3,1.11518222349696
4,1.81055503198877
3,1.88524250453338
3,1.6445841670502
4,1.16888193716295
3,1.11762174032629
0,1.87969124619849
4,1.94017702457495
2,1.75025008874945
2,1.80798033322208
2,1.87405666569248
6,1.410722713219
2,1.10444631823339
4,1.21028420329094
4,1.72498341603205
1,1.44681780529208
3,1.71285893302411
3,1.42860790668055
3,1.80433340859599
1,1.93800519616343
7,1.34951411443762
1,1.78997371974401
4,1.73827599361539
5,1.8610555047635
1,1.6261195379775
4,1.66805122350343
3,1.53919466934167
4,1.87499276013114
2,1.70620527374558
2,1.21866260562092
3,1.2075641034171
1,1.09300554497167
5,1.70593108423054
3,1.70982333971187
2,1.88591469405219
3,1.46912941802293
6,1.53121713455766
1,1.90520589682274
4,1.44236167822964
2,1.86571168433875
2,1.89933333126828
3,1.87483700085431
3,1.39099344774149
1,1.98537586908787
7,1.69035207270645
2,1.5570269448217
4,1.1779400575906
3,1.47292313119397
1,1.99069497827441
3,1.43873546086252
2,1.45833075512201
3,1.54571987362579
2,1.73878306336701
4,1.39860884426162
1,1.01542852097191
1,1.51716896472499
6,1.90955577907152
5,1.51868971483782
3,1.00856203725561
3,1.95066679408774
3,1.45331464521587
3,1.53533574100584
4,1.16947696986608
7,1.27497301786207
2,1.15171183273196
1,1.48786455439404
2,1.02110747690313
3,1.30991146946326
4,1.64503988763317
3,1.22915496467613
3,1.10290422895923
2,1.68361611734144
1,1.71671314979903
1,1.71424988564104
1,1.93931447179057
3,1.23026844649576
0,1.11407509888522
2,1.7483061272651
0,1.27254040306434
3,1.4977877701167
4,1.6981773651205
6,1.56536135962233
4,1.10864419536665
3,1.00124894804321
4,1.8084808876738
3,1.17706550634466
1,1.72262002178468
3,1.83756696409546
2,1.25973137887195
2,1.23081781668589
1,1.60855523264036
3,1.17412216379307
3,1.81593886064366
2,1.80764254345559
7,1.90986296720803
1,1.55030176276341
2,1.38995044399053
0,1.07939287135378
5,1.19829388777725
1,1.56741348281503
2,1.25684141833335
2,1.14217455522157
4,1.0102326516062
5,1.76359257171862
4,1.91830987902358
0,1.05636510322802
4,1.87868629605509
2,1.32206135685556
4,1.44157297024503
2,1.68436104175635
2,1.64853311725892
2,1.40951646305621
2,1.4899830063805
2,1.57568457839079
7,1.25750579754822
2,1.98736990755424
2,1.12224726518616
2,1.67828349908814
6,1.37316128704697
2,1.85136917629279
2,1.66217534802854
3,1.29595528403297
5,1.66019664518535
1,1.60883843456395
3,1.48016030015424
2,1.17657514940947
3,1.72405774635263
3,1.64591564051807
1,1.59028608398512
2,1.65851451852359
3,1.93903774232604
6,1.3004044725094
3,1.71458231518045
4,1.77853518608026
2,1.59001683979295
3,1.85078676091507
0,1.76791875669733
3,1.10893741576001
3,1.9427804518491
3,1.70111141307279
3,1.64713093242608
2,1.08510122890584
2,1.00672123278491
8,1.13596939155832
2,1.49996693735011
2,1.91882894304581
1,1.66477900138125
2,1.40558500983752
2,1.50438732118346
8,1.95143180922605
2,1.74024910083972
1,1.28947013919242
3,1.04131462867372
1,1.90487421164289
3,1.42137082805857
8,1.49612738727592
3,1.20609465939924
6,1.31795564224012
0,1.13885061792098
1,1.4421512731351
5,1.39636576268822
4,1.27075001830235
2,1.2565723923035
6,1.25785059621558
1,1.24764326121658
4,1.98171045142226
3,1.59955747472122
2,1.54539401084185
4,1.10026966105215
4,1.14193327003159
3,1.4629309263546
0,1.14416683604941
3,1.34908563923091
5,1.15823561581783
2,1.91541391680948
3,1.16156618436798
5,1.90106212091632
6,1.50724116596393
2,1.58111223601736
2,1.35420174268074
2,1.62500637792982
5,1.93854740052484
4,1.92917313450016
2,1.52024251664989
1,1.44362089689821
2,1.19979581236839
4,1.83709470834583
1,1.05896176933311
1,1.20051155681722
6,1.24941608239897
1,1.39234336116351
1,1.59894373640418
8,1.56335833319463
4,1.35425142524764
3,1.31438078708015
0,1.98469116305932
3,1.98050080356188
3,1.57947602588683
3,1.07116701011546
4,1.85371023858897
7,1.61179609154351
3,1.21509357937612
3,1.13331448449753
5,1.73444055090658
5,1.50887715723366
5,1.4698269777
4,1.37445726408623
4,1.96565693756565
2,1.05105993757024
3,1.25124293961562
2,1.65499030030333
3,1.28094574064016
2,1.59827216924168
0,1.16236054361798
3,1.77918372838758
5,1.83284777402878
1,1.40905092703179
2,1.33858940890059
6,1.05266017396934
6,1.53794701583683
3,1.47969686985016
1,1.07767932047136
0,1.66235566628166
3,1.25522002694197
4,1.89285886613652
1,1.15493238251656
4,1.16349422396161
6,1.35438035125844
4,1.91212693601847
5,1.76601918716915
0,1.69538010586984
4,1.25880769197829
6,1.72764088888653
5,1.86392293684185
0,1.17015886586159
3,1.79460204322822
2,1.39226283808239
2,1.51986555522308
2,1.63677545078099
1,1.39064599503763
7,1.53294055885635
6,1.68217009282671
4,1.53464677813463
1,1.9569962953683
2,1.84644406242296
2,1.87609091866761
2,1.71940886182711
3,1.09433402004652
3,1.81434350204654
3,1.6732591681648
6,1.71400929777883
0,1.93492028070614
1,1.10378685500473
2,1.63202298781835
0,1.17393512558192
1,1.76530417473987
1,1.38595053111203
2,1.84989457228221
1,1.21489503420889
1,1.01731702685356
3,1.61991728306748
4,1.58229654259048
3,1.53599347104318
4,1.85856416262686
3,1.39022153546102
1,1.31099190725945
1,1.94434392335825
2,1.14601490739733
4,1.76842065341771
5,1.46068561333232
1,1.10478262440301
3,1.18183789332397
2,1.17782643903047
4,1.81781776482239
3,1.09236019942909
1,1.67026016837917
2,1.57773952162825
0,1.61742070363835
5,1.36103357817046
5,1.19681891705841
5,1.43035174254328
5,1.69360657804646
2,1.2218535260763
4,1.91955665266141
4,1.45200727460906
2,1.24625559290871
5,1.81144290883094
2,1.88109379145317
2,1.49347839667462
2,1.7349016868975
6,1.04929091408849
1,1.89214838854969
7,1.12909544748254
2,1.85677534807473
1,1.07367889233865
0,1.56950634298846
3,1.0159866809845
1,1.0029756037984
4,1.37522914656438
9,1.74515863531269
2,1.64116019452922
2,1.89468801114708
2,1.41308317659423
5,1.01960883243009
4,1.7938824899029
0,1.22465326124802
1,1.36951107671484
3,1.47030928498134
3,1.24718944053166
0,1.26318948692642
3,1.07945504388772
4,1.82014213316143
0,1.42822698433883
3,1.93563782609999
3,1.44746490358375
1,1.7810332220979
0,1.4051316245459
2,1.30913784052245
2,1.70401268452406
1,1.74669544631615
2,1.74000481353141
3,1.67034435574897
3,1.01554536703043
2,1.47238052822649
2,1.91036368417554
2,1.33935119002126
2,1.49022707738914
3,1.76542612747289
4,1.65351578453556
4,1.92443604045548
0,1.99061658256687
4,1.71316000143997
4,1.95325256325305
3,1.34504515049048
4,1.70934888534248
1,1.59513757238165
2,1.02389159752056
3,1.77879407070577
5,1.72679257648997
5,1.75829614768736
0,1.29570930195041
2,1.69247008301318
2,1.52801078674383
1,1.79224748141132
6,1.18592406832613
5,1.84796527796425
1,1.44038405781612
2,1.65991287049837
3,1.19621870713308
5,1.34323742589913
2,1.57889491901733
2,1.83799884282053
2,1.85711180046201
1,1.84053005697206
6,1.03761256090365
4,1.44062838167883
2,1.15809922735207
4,1.96540135797113
1,1.6360805106815
2,1.83192602498457
3,1.28054870013148
5,1.5409235721454
2,1.14757476327941
4,1.45240567065775
2,1.71671497030184
0,1.66211406304501
6,1.6236353055574
2,1.90521083399653
7,1.84553850162774
3,1.0425546260085
3,1.31700581149198
4,1.45272822189145
2,1.90481790085323
1,1.19363516638987
3,1.37524548871443
2,1.87654671096243
5,1.43033369234763
3,1.90966533799656
3,1.97821803833358
3,1.07921945187263
5,1.99142268043943
1,1.94464920135215
2,1.91680984105915
3,1.28071490582079
4,1.74116808315739
5,1.60162706510164
2,1.5031222270336
2,1.44039147743024
0,1.06119596376084
0,1.70150742330588
4,1.6978932665661
2,1.0365811213851
4,1.39780539344065
2,1.20446655107662
1,1.07425434608012
1,1.12991684279405
2,1.89800678263418
3,1.10344381537288
3,1.71939492481761
5,1.40195792750455
5,1.92026056325994
3,1.06325553986244
5,1.61259093484841
5,1.766081541311
6,1.10702184354886
1,1.90811019320972
1,1.29243485676125
3,1.91373693221249
5,1.05539757106453
5,1.71129452018067
3,1.37698856531642
2,1.66454726806842
1,1.64829494594596
1,1.89174144808203
4,1.55815572896972
2,1.02165242657065
2,1.30169569444843
1,1.05249833804555
3,1.03106292732991
1,1.83954788604751
0,1.4462422512006
1,1.1685080700554
5,1.48851393791847
4,1.16737134568393
6,1.99816472805105
5,1.78252751985565
1,1.87746251677163
6,1.41898993123323
5,1.84884618688375
2,1.20453706872649
3,1.26465704641305
5,1.16562500642613
3,1.29210411570966
4,1.05802342970856
2,1.10861883033067
4,1.76792326616123
1,1.92039508069865
3,1.92995925876312
3,1.93650584784336
1,1.39492482179776
1,1.26971542858519
1,1.41118783503771
1,1.0318207971286
4,1.21362088248134
6,1.9658538363874
5,1.51364188431762
2,1.75005148956552
3,1.8292468143627
5,1.82142852107063
2,1.85321262362413
6,1.01426194305532
5,1.87804583855905
3,1.19716461515054
5,1.84660880919546
1,1.83550333464518
2,1.50080390437506
1,1.20035190461203
2,1.9949537916109
4,1.45091462600976
2,1.00005261972547
6,1.49149611382745
1,1.55925959651358
1,1.828308127122
4,1.9818758640904
3,1.62490899139084
1,1.62132426491007
3,1.47076659044251
5,1.88296102895401
4,1.185858247336
2,1.62116841971874
3,1.24637762550265
2,1.10038025793619
5,1.61198071343824
6,1.57443154836074
4,1.64898459985852
4,1.28947983798571
2,1.79926442424767
2,1.77650658483617
4,1.36153713334352
6,1.71592389652506
1,1.17794686788693
3,1.15059438394383
1,1.61084870458581
5,1.91826667822897
2,1.2395746554248
4,1.99229421350174
7,1.77969384356402
4,1.77754373732023
4,1.84697220707312
4,1.38201625901274
3,1.51159227569588
4,1.59719940996729
1,1.36305529926904
3,1.79110488924198
5,1.83479961007833
3,1.19784826925024
3,1.39527224819176
1,1.02976838196628
4,1.4652222325094
1,1.36569966701791
2,1.96201788121834
5,1.14007911388762
6,1.89078348083422
5,1.15244968561456
6,1.52094998559915
5,1.83231149520725
2,1.43579078698531
1,1.05388303822838
2,1.46095472504385
0,1.26152440276928
4,1.13951671007089
3,1.5990014586132
2,1.84393108612858
2,1.09922310058028
5,1.85076248086989
1,1.16044770786539
3,1.71342980628833
2,1.03855889034458
1,1.70401064422913
3,1.83870051242411
0,1.87569028441794
2,1.9306680560112
8,1.8385453238152
6,1.9968493944034
2,1.16278417920694
4,1.56243621860631
4,1.63219261798076
1,1.86263787467033
3,1.11760015133768
3,1.9788029815536
3,1.83017002535053
3,1.55415546614677
2,1.96548195136711
3,1.53124717343599
2,1.21467616758309
1,1.15289322077297
0,1.64093462424353
3,1.79588781553321
6,1.1019626467023
2,1.6977028970141
6,1.53639846830629
2,1.46194117842242
2,1.22692715795711
0,1.99558550189249
1,1.03864679764956
7,1.35590033978224
4,1.31364022940397
1,1.33535851933993
4,1.43590098479763
2,1.76466884836555
2,1.61499372054823
1,1.95317738060839
1,1.75021679024212
1,1.00841521052644
0,1.88282024348155
2,1.64225842594169
3,1.59828687645495
4,1.23656475311145
5,1.56320123560727
3,1.20018632034771
0,1.08266014885157
5,1.67556635546498
1,1.87805662117898
2,1.7806667459663
4,1.61513309390284
6,1.34433762053959
2,1.02621340728365
1,1.93205617670901
2,1.83499027602375
0,1.80089585180394
5,1.88655430078506
5,1.73362376727164
1,1.06150421965867
3,1.53006765525788
5,1.51978497067466
1,1.01245655305684
1,1.68147471034899
5,1.64906133152544
3,1.49473503534682
0,1.86202792474069
2,1.29740990069695
4,1.04028045665473
4,1.53008573292755
3,1.57443692418747
8,1.58330439263955
3,1.16086297412403
4,1.3399949662853
2,1.10391318215989
5,1.95505291526206
3,1.72225477918983
2,1.76178972912021
3,1.83257864275947
2,1.34404916199856
0,1.95228855125606
3,1.42726767365821
4,1.25822833320126
6,1.81469670077786
4,1.83834306919016
5,1.71601636265405
5,1.70177458040416
2,1.02909704903141
1,1.31039381236769
2,1.46629553940147
6,1.59113212255761
1,1.29151933128014
4,1.12475481210276
2,1.9140949966386
4,1.65865789167583
6,1.86777450703084
1,1.63050945475698
3,1.16649683215655
3,1.58963862480596
3,1.43651171727106
2,1.36564083187841
3,1.99462506873533
2,1.29857502505183
4,1.30723504070193
2,1.16942246747203
4,1.79389791819267
2,1.00004623760469
1,1.51784255472012
3,1.50822782493196
3,1.66825130744837
2,1.80833854596131
2,1.17679611733183
4,1.57781736250035
3,1.0480322309304
3,1.36120792943984
3,1.11429859139025
6,1.444357651053
4,1.69932251563296
4,1.57843896304257
1,1.89027954125777
1,1.86453054402955
2,1.34702557814308
3,1.25097390613519
6,1.825426454423
3,1.17565240687691
4,1.98062756028958
4,1.98834032053128
5,1.09615372517146
0,1.86285204533488
1,1.55352609558031
5,1.66036505135708
1,1.6887179708574
2,1.32933736802079
2,1.18963926983997
3,1.28026614291593
1,1.48116151755676
5,1.74450342403725
1,1.30611517536454
2,1.77659955644049
1,1.56812333664857
2,1.5475920450408
2,1.48663309938274
2,1.99104965291917
4,1.52338007022627
2,1.17578253545798
2,1.53408230585046
3,1.06939805299044
4,1.58862312813289
2,1.52614395925775
5,1.13527104491368
3,1.64733146503568
5,1.37995164538734
5,1.72679178416729
2,1.38955679652281
2,1.21406843070872
1,1.68449494289234
3,1.20537706348114
3,1.56568753882311
1,1.06416434654966
1,1.7256283739116
1,1.05361219216138
2,1.90801215264946
2,1.66987029416487
4,1.01905508665368
3,1.50133734382689
3,1.01656784047373
5,1.66924024489708
2,1.86683962494135
4,1.89259915961884
2,1.64474244066514
2,1.02027095411904
2,1.5303632018622
9,1.4439072383102
3,1.77257963991724
3,1.04776969901286
1,1.57299870229326
2,1.09292957559228
4,1.93615716625936
6,1.54311394551769
4,1.22978296270594
2,1.65034406236373
2,1.03291289275512
4,1.49466167320497
5,1.24282983643934
3,1.72907472471707
2,1.50604713847861
3,1.57364506367594
1,1.57013718085364
1,1.81860952801071
2,1.27500342181884
3,1.06749552325346
2,1.5453388937749
2,1.25996561115608
4,1.78595604817383
2,1.09076038328931
2,1.72254755417816
0,1.5916338514071
1,1.23074580798857
3,1.8472384319175
2,1.57342932675965
1,1.95498588774353
1,1.51780009875074
2,1.07169089373201
4,1.29644795763306
1,1.05797809641808
3,1.81564960931428
3,1.57506123301573
4,1.39835737133399
1,1.23099839221686
3,1.49498172150925
3,1.05633573210798
1,1.48480076598935
2,1.44145232671872
3,1.89092341298237
1,1.39917784463614
4,1.0634935607668
1,1.70883162203245
3,1.16533438232727
3,1.05624318425544
5,1.7625041641295
3,1.81302697048523
5,1.83057433413342
2,1.15023242379539
2,1.86850423412398
3,1.05039271037094
0,1.95273938728496
3,1.6250197046902
2,1.31606925115921
1,1.12700097449124
3,1.67486988380551
2,1.32727873162366
2,1.36263172002509
4,1.61006518360227
2,1.54579047462903
4,1.41736772004515
1,1.24524458916858
2,1.92552792420611
3,1.42545152176172
2,1.57285642228089
1,1.27595326304436
4,1.96025541843846
1,1.46319418679923
0,1.01080777565949
2,1.62161658564582
3,1.72292134980671
4,1.67080873157829
3,1.94384376239032
2,1.22773152822629
0,1.80875702714548
4,1.28726934548467
4,1.83141479478218
1,1.73407070105895
4,1.26719064661302
2,1.23752326425165
1,1.60336975334212
1,1.79703469574451
3,1.18999774218537
3,1.82845567981713
3,1.68570578470826
1,1.333467570832
2,1.83938299049623
3,1.54344438877888
5,1.03720287140459
3,1.41738905152306
3,1.07826493191533
4,1.7927687286865
4,1.9832474947907
2,1.22947263577953
2,1.72446259134449
2,1.08239527465776
5,1.12608206807636
2,1.28024936234578
2,1.23945134039968
3,1.49153356486931
4,1.83992543723434
4,1.27011837461032
1,1.4290560092777
2,1.4367649985943
3,1.18781459471211
3,1.92075610626489
3,1.47229365329258
1,1.19332265551202
5,1.46311479038559
3,1.1936152454
6,1.9799527823925
2,1.46628983411938
1,1.51257766853087
4,1.0307148473803
2,1.92765164026059
3,1.72938061598688
2,1.20670427475125
3,1.0094241227489
3,1.61333299567923
7,1.15251906146295
1,1.7610749239102
5,1.17564813187346
2,1.7341432927642
4,1.09844881785102
6,1.51195884658955
2,1.50435573537834
5,1.46888067456894
1,1.33290221472271
4,1.08485006028786
1,1.40002853306942
2,1.88954482087865
6,1.97952594654635
3,1.71710249432363
3,1.03331180522218
0,1.49263742263429
0,1.73740754276514
2,1.13948592636734
1,1.80921201175079
1,1.31335350964218
2,1.57169535360299
3,1.62685044435784
0,1.69477145071141
1,1.09376064920798
6,1.66697380342521
2,1.73954770341516
0,1.07724372437224
4,1.36456874059513
4,1.53146064677276
6,1.91382032539696
4,1.12911382457241
2,1.34405514737591
6,1.01877720328048
1,1.90291656902991
9,1.90599464904517
5,1.41788067808375
2,1.25590069964528
6,1.56316571473144
1,1.56864790921099
3,1.33952288841829
3,1.18947876896709
2,1.47103650681674
5,1.12739093159325
2,1.55921444436535
3,1.30280098109506
1,1.51049943128601
0,1.85188051499426
2,1.92167996708304
3,1.61658162507229
3,1.53492695884779
4,1.79166241921484
1,1.4923118990846
4,1.18863247917034
2,1.50195740768686
2,1.28543995623477
1,1.98347735893913
2,1.78210644051433
4,1.24775020964444
0,1.82155660470016
5,1.16708482429385
4,1.49995056632906
1,1.15460067498498
0,1.51523969648406
3,1.34187256917357
2,1.44059312040918
2,1.7099059058819
3,1.77367708203383
5,1.83929377258755
1,1.35283215180971
5,1.01547966268845
1,1.41953775659204
6,1.1153126868885
2,1.41869738418609
2,1.99168228404596
4,1.45462882798165
3,1.73495252034627
4,1.86623804294504
5,1.18060630909167
3,1.50373613112606
6,1.37504693353549
4,1.61890728981234
7,1.54278713627718
2,1.34871804132126
4,1.18766827252693
1,1.43838613037951
2,1.46121074189432
1,1.86711357813329
2,1.75324471690692
0,1.74985388573259
2,1.51704942458309
1,1.13294489379041
2,1.63498413166963
3,1.41165646258742
3,1.43302438082173
4,1.9695500114467
2,1.54288788395934
4,1.589182974305
5,1.22930441889912
4,1.73261671420187
1,1.28087442019023
5,1.55048143398017
4,1.24740595533513
1,1.33207622449845
0,1.09633136447519
2,1.52264505787753
6,1.34015364083461
8,1.03622208745219
4,1.51883435435593
3,1.08485576487146
7,1.43345320876688
7,1.92186417896301
3,1.96354223717935
3,1.74140890222043
1,1.16403795173392
2,1.22481419309042
2,1.805458832765
2,1.40731001924723
2,1.89412831515074
4,1.7632599605713
5,1.89596891286783
4,1.79769797250628
5,1.24207022949122
4,1.42671019770205
4,1.32649658480659
2,1.25074083218351
2,1.2787331440486
0,1.16192776220851
2,1.96413699700497
1,1.18861292116344
8,1.37545221298933
5,1.70943636191078
0,1.52340926486067
4,1.06934725353494
3,1.29256128938869
0,1.33474068017676
2,1.35151812247932
0,1.77573333098553
2,1.93089429358952
3,1.747185443528
5,1.71720044175163
1,1.87557926960289
2,1.31781743257307
2,1.01661454071291
1,1.9502576328814
3,1.63116219895892
8,1.80155022349209
5,1.62690842710435
2,1.54714545607567
1,1.6197010956239
3,1.07454526028596
8,1.55841214070097
2,1.65319417091087
1,1.79034552304074
2,1.41458027996123
0,1.61887011234649
0,1.8284487973433
4,1.15021544508636
5,1.99697370198555
4,1.54077713051811
1,1.92862554220483
1,1.15288396412507
0,1.22431757557206
5,1.70214565005153
4,1.37324156938121
5,1.23454716708511
4,1.78034041286446
3,1.94915291201323
2,1.4208228988573
3,1.71717471652664
3,1.4046593979001
5,1.34754551341757
3,1.72401550668292
4,1.20766705833375
3,1.83873723307624
4,1.10650975187309
1,1.87904237932526
4,1.2465425459668
4,1.17155087948777
2,1.4013990832027
3,1.40879092086107
3,1.60103269550018
4,1.94659287040122
1,1.60820805164985
5,1.70161881670356
3,1.27884790720418
2,1.5148716554977
2,1.18268001801334
2,1.32415460259654
1,1.33106651389971
5,1.32378427148797
2,1.5223680799827
3,1.44683275814168
3,1.1312961189542
5,1.92557139648125
1,1.66338415746577
5,1.29701678548008
5,1.97998284758069
2,1.18859451310709
2,1.79150486784056
3,1.03178778430447
1,1.00643868045881
3,1.91971141030081
2,1.52847362728789
5,1.25534894922748
5,1.40189612470567
0,1.52661466854624
1,1.35820024297573
2,1.69907747884281
0,1.23789577907883
2,1.41861208737828
1,1.20747760660015
1,1.46283450117335
5,1.58507482055575
2,1.52968248771504
3,1.49463118077256
4,1.69889273261651
4,1.6928638543468
0,1.10800162958913
4,1.78325970377773
2,1.12042005592957
1,1.96912419586442
5,1.4748984342441
5,1.48256842163391
2,1.52653564559296
4,1.36444571078755
1,1.42239504097961
2,1.62419035681523
1,1.67252553417347
3,1.47009986708872
1,1.44707562658004
2,1.13148513156921
3,1.73912963923067
4,1.0196242434904
3,1.07729336153716
1,1.01243697456084
2,1.3447842609603
2,1.56562126218341
2,1.02061735233292
4,1.29051610338502
5,1.89999868301675
1,1.84254594123922
0,1.5743118589744
2,1.15966640878469
2,1.10786582250148
1,1.91496017854661
2,1.56978154368699
2,1.92678663693368
3,1.0405286939349
1,1.76604627491906
3,1.22753070271574
2,1.21496647316962
2,1.76795306312852
3,1.8721492474433
4,1.83885085629299
6,1.91799370758235
1,1.75443919724785
2,1.00900090974756
1,1.15935956453905
0,1.4161640892271
5,1.92617557826452
6,1.82827162742615
3,1.75543122505769
2,1.45616399799474
4,1.27889201138169
4,1.35684534627944
5,1.44192160572857
4,1.69099331763573
1,1.90678861364722
3,1.25558692356572
3,1.95748280733824
1,1.64299282873981
2,1.56341961608268
2,1.56774626276456
2,1.01369373360649
1,1.3172315871343
1,1.39656023192219
2,1.69828316918574
5,1.44993108534254
4,1.88813506904989
4,1.4845187603496
4,1.90545505657792
2,1.25794360879809
1,1.08005271106958
2,1.64494665223174
2,1.61253044637851
2,1.8588500150945
4,1.16778222937137
5,1.53463636990637
0,1.46247864025645
2,1.10011772345752
1,1.06277603679337
1,1.07188421208411
1,1.93548055947758
2,1.28819503542036
0,1.00645690923557
2,1.30982490675524
3,1.58088771626353
6,1.09032933111303
2,1.26312464196235
7,1.70904869190417
3,1.56549167307094
4,1.70939259394072
5,1.07612918992527
2,1.2995090582408
4,1.61933436221443
2,1.69918700424023
8,1.30028186924756
2,1.11943758302368
1,1.30373530834913
2,1.91078273672611
2,1.07288192794658
3,1.80437761521898
3,1.82671459531412
6,1.72708873008378
7,1.69016408664174
1,1.57145731919445
1,1.09021198097616
3,1.10070700501092
2,1.99102540779859
2,1.21008483320475
3,1.04731940780766
5,1.62372336094268
1,1.39400486601517
1,1.02934586792253
4,1.97593750315718
1,1.4006815191824
2,1.8972989693284
6,1.65983199467883
3,1.1947475974448
0,1.13147347606719
1,1.82511820993386
3,1.50374835822731
7,1.55076985969208
0,1.47004279005341
2,1.37647907342762
1,1.21197942388244
1,1.21158952265978
4,1.73682574182749
4,1.89922315487638
1,1.93791091046296
2,1.4290681660641
5,1.48379309591837
4,1.76225771661848
3,1.4667626817245
4,1.14454006776214
4,1.36551715922542
2,1.5326503450051
3,1.04425328108482
3,1.76137134688906
2,1.58470281725749
0,1.44743058271706
1,1.2954661170952
3,1.75429790373892
3,1.82823743019253
2,1.09000712865964
1,1.95784387015738
6,1.83813838730566
3,1.63402124866843
3,1.83058942179196
1,1.73504822561517
3,1.55289871850982
2,1.06557274213992
6,1.6335477437824
1,1.46866838913411
3,1.28879632451572
4,1.903738967143
2,1.54045000905171
2,1.64490248961374
6,1.01911297417246
4,1.27269764570519
6,1.50239223358221
3,1.80624497169629
1,1.4085492908489
2,1.97927314648405
4,1.70420366292819
2,1.87454723264091
1,1.56525204889476
4,1.25844827992842
2,1.72469784971327
3,1.47188855428249
5,1.41768534085713
7,1.43611919600517
3,1.32131471531466
4,1.30395000940189
6,1.49700776324607
4,1.54154790425673
2,1.52529982058331
1,1.53471877728589
2,1.47408306086436
5,1.20932884770446
1,1.12093514204025
1,1.47378069767728
3,1.52147670206614
4,1.80344346212223
1,1.86690022982657
3,1.80052495910786
1,1.37718693423085
4,1.85343130305409
0,1.08037826558575
0,1.67034891992807
2,1.5883557787165
3,1.97493482730351
1,1.96668854542077
3,1.92576302099042
4,1.28609749581665
2,1.67075774120167
5,1.33388714818284
2,1.49002364138141
2,1.09771884256043
4,1.08320648479275
1,1.91269016684964
1,1.58531825733371
3,1.71232638484798
5,1.27775457361713
3,1.32367491419427
1,1.87163754855283
3,1.54742012731731
3,1.86232987442054
5,1.84866135381162
0,1.62290298915468
3,1.20382931921631
5,1.00297842733562
2,1.99770877277479
5,1.47006843192503
1,1.29815792501904
4,1.70939117972739
1,1.12838606443256
2,1.3188558856491
4,1.37060579983518
8,1.91872472781688
7,1.84253042191267
0,1.89658664632589
1,1.24654602562077
4,1.97996408049949
1,1.93415407114662
3,1.54025265551172
1,1.61936727864668
0,1.23355653951876
2,1.39237143471837
2,1.00665595219471
3,1.33707804093137
4,1.98147460143082
4,1.72936112550087
1,1.21330909361131
2,1.42901608417742
2,1.46296042227186
3,1.17760094953701
4,1.50349565269426
6,1.96753794699907
5,1.11854587332346
1,1.73629646445625
2,1.05293767363764
2,1.94356596749276
4,1.47056342917494
1,1.23106054123491
4,1.2778984492179
0,1.8476909478195
2,1.17244584229775
2,1.85146246128716
5,1.0997966597788
2,1.91949223959818
5,1.07420195033774
3,1.38354395562783
2,1.39530063024722
3,1.06913827592507
2,1.38584567303769
3,1.29612674354576
2,1.60355714266188
2,1.51049562892877
3,1.96368563873693
4,1.07395745208487
6,1.47533115465194
3,1.91646065819077
1,1.37496192520484
8,1.48171642655507
2,1.03993717371486
2,1.67104200506583
0,1.17364514316432
3,1.539073392516
5,1.66537392744794
3,1.40426344540901
0,1.15390259982087
5,1.60533710080199
6,1.84544050716795
1,1.42306415759958
4,1.22883879765868
6,1.99095364869572
3,1.8438388616778
3,1.21980508393608
3,1.32026801258326
5,1.52681788592599
6,1.8217835125979
3,1.45958980848081
4,1.24956770963036
0,1.85196367115714
3,1.79518866003491
1,1.19924958772026
1,1.0121413837187
3,1.96717006573454
5,1.92652847012505
1,1.20341722248122
1,1.92263873363845
2,1.75033025373705
2,1.87609224766493
1,1.79570875456557
4,1.67704591481015
2,1.89133133692667
1,1.88936242531054
2,1.90869340719655
4,1.03094325494021
0,1.10966769629158
4,1.01531370077282
2,1.17608057288453
3,1.34136339137331
4,1.25326121482067
0,1.39318864652887
2,1.14111486193724
2,1.62589507107623
3,1.2416257574223
2,1.82287566107698
2,1.3584705311805
7,1.70050497469492
3,1.8932886342518
3,1.60906968847848
4,1.55881274444982
2,1.67811002628878
2,1.92181412945502
2,1.58453536988236
3,1.01476647565141
3,1.28456917079166
2,1.73550087749027
1,1.70101189543493
4,1.37743202992715
0,1.53260949999094
8,1.43718535685912
1,1.17526427679695
3,1.91483445977792
2,1.89355803490616
1,1.51279273978435
1,1.21119985287078
4,1.69743164535612
0,1.82813045568764
5,1.99461488239467
1,1.37645454588346
4,1.7397769682575
4,1.98956128815189
3,1.111636164831
3,1.37378784222528
3,1.39691101247445
5,1.93706438667141
2,1.25836362456903
3,1.85509217204526
4,1.37809493113309
9,1.81410767417401
1,1.44323493074626
1,1.95104014198296
3,1.74947631312534
2,1.79180852067657
1,1.25790755730122
6,1.28392593632452
0,1.60689512756653
0,1.93934963480569
2,1.46114941965789
4,1.4094998834189
5,1.75624013110064
3,1.63072917866521
0,1.3666150982026
4,1.70888003357686
2,1.6148069370538
4,1.95060831820592
1,1.4745636372827
1,1.8375982507132
4,1.71877232589759
2,1.0903137056157
1,1.717496921774
3,1.35131858382374
3,1.21729924157262
1,1.45018143206835
3,1.27411042107269
6,1.80950832623057
2,1.54456159472466
5,1.11300030839629
2,1.01825242931955
3,1.69390818872489
1,1.17468375433236
4,1.67377750319429
2,1.81164150685072
4,1.98369111842476
3,1.82604752853513
3,1.17786860070191
3,1.92673542862758
1,1.57123768259771
1,1.96565866307355
5,1.2817112901248
4,1.78773529431783
2,1.80021832836792
1,1.63815312646329
6,1.2479973488953
2,1.45023106713779
3,1.94913124362938
2,1.36712890933268
2,1.5340581079945
2,1.58438903163187
6,1.25466536125168
4,1.49236358725466
0,1.61766633368097
3,1.61181470518932
3,1.71473580948077
3,1.55566436168738
4,1.73862853902392
1,1.50793989049271
3,1.22670783335343
1,1.40962244616821
2,1.90024830843322
3,1.01686204085127
1,1.07881082571112
7,1.75253768451512
2,1.61482002190314
2,1.26269352808595
6,1.53297542105429
2,1.43439114722423
1,1.20874263672158
2,1.73730182647705
2,1.2147198044695
3,1.68369383527897
3,1.20737087214366
5,1.80419099563733
3,1.08294687815942
4,1.63491377839819
3,1.30325639690273
0,1.09687043982558
4,1.7242833620403
3,1.72841963986866
4,1.20104356412776
1,1.36423054942861
3,1.81647953414358
3,1.08093578275293
2,1.50860551232472
3,1.21648191125132
2,1.59050878928974
0,1.0639646104537
1,1.81404864112847
2,1.89938008203171
2,1.68782411515713
8,1.17925217398442
3,1.76060070260428
4,1.94032559171319
2,1.60748663195409
5,1.253470946569
3,1.59671329660341
1,1.61375270364806
4,1.16679653897882
4,1.47191442945041
2,1.67703366209753
4,1.57963842898607
5,1.28612388507463
2,1.1149575507734
4,1.57848069327883
3,1.83324596518651
4,1.46668526064605
2,1.16915978654288
2,1.10889046196826
5,1.75603879801929
2,1.28874559910037
4,1.79373474279419
4,1.90542018087581
2,1.44758105231449
2,1.59473391482607
3,1.98808679287322
4,1.95966072869487
1,1.94489478645846
0,1.61589203076437
4,1.57244122331031
1,1.60299501474947
6,1.14402807224542
1,1.31054605310783
2,1.27298792521469
4,1.66194028151222
2,1.47398373787291
1,1.99394943681546
1,1.58869598479941
2,1.94793426664546
3,1.33174626459368
3,1.44942686078139
4,1.4867282519117
2,1.10306825605221
2,1.09359386586584
4,1.18964992114343
8,1.87609171192162
4,1.76087995991111
5,1.88944773375988
4,1.17828423157334
4,1.26030972739682
4,1.66125579806976
3,1.69781256117858
2,1.79872042220086
4,1.12018269486725
4,1.88630711450242
2,1.49531163251959
2,1.25388152198866
4,1.0813244425226
0,1.20585702848621
3,1.18123364355415
2,1.07183549623005
6,1.2380315142218
5,1.26549009070732
8,1.84184272494167
2,1.72688642679714
4,1.4667136487551
4,1.20689106406644
2,1.23318791692145
5,1.36021013162099
2,1.08708873135038
4,1.58861012407579
4,1.50888804462738
3,1.42351298267022
2,1.52610243461095
6,1.414858965436
1,1.50402375054546
1,1.88705983781256
4,1.23657187656499
7,1.61222863150761
3,1.47823258000426
2,1.63676511961967
11,1.56233724113554
5,1.50793074490502
2,1.83088278514333
0,1.1149900262244
4,1.55809098645113
1,1.0435606809333
5,1.94977110228501
2,1.25966028030962
2,1.06711168773472
1,1.20199694950134
5,1.57666836725548
3,1.71160035929643
3,1.90632679732516
2,1.60065792640671
0,1.01681055198424
2,1.81720343814231
4,1.89891768456437
2,1.7670819631312
7,1.42633030726574
3,1.08248648513108
3,1.27723519527353
0,1.5982400351204
5,1.2254606091883
1,1.62555463286117
4,1.26112845935859
3,1.96786677232012
2,1.06627572863363
4,1.91556322947145
1,1.95816955994815
3,1.93882379308343
7,1.85256314347498
2,1.60123418574221
4,1.2206813970115
0,1.3254938700702
2,1.17520554852672
2,1.58612809050828
5,1.27332981303334
4,1.38259135512635
2,1.69951764983125
5,1.64315359154716
2,1.76116437232122
2,1.06831569015048
1,1.02036362444051
1,1.88894776557572
3,1.65633318969049
2,1.78291991678998
3,1.70807708776556
3,1.64615519205108
2,1.30678126798011
0,1.07637258432806
5,1.21975273359567
3,1.48018678138033
1,1.54204612388276
2,1.49343779892661
4,1.39528605923988
4,1.45050394721329
4,1.94026987580582
3,1.73872164753266
6,1.15880729584023
2,1.13156304578297
3,1.34466035268269
5,1.2795451155398
1,1.77917997166514
3,1.47872525034472
0,1.6291625215672
2,1.38153624092229
4,1.58510393486358
3,1.65466871415265
2,1.51049939938821
3,1.17773727583699
7,1.43729543616064
5,1.02971064276062
1,1.79210840025917
2,1.41192239755765
1,1.00765703199431
4,1.05993735301308
2,1.37191284797154
3,1.52404607157223
3,1.39336939225905
1,1.42884576809593
3,1.25435450230725
5,1.11559142218903
1,1.10742877004668
2,1.06126060266979
0,1.31144535634667
0,1.96776481717825
2,1.31113524036482
1,1.83282119454816
5,1.5848587481305
3,1.03495605965145
2,1.75218603480607
2,1.88996624364518
5,1.69406480668113
1,1.01725858426653
6,1.3646745251026
4,1.53828179230914
4,1.66171369049698
5,1.80906486837193
2,1.08681599819101
2,1.93535315967165
1,1.1553991518449
0,1.18656893167645
3,1.98220751387998
4,1.02388084935956
2,1.67857744544744
5,1.00100436201319
2,1.60738066863269
4,1.25649487087503
2,1.83352867909707
4,1.16893174918368
5,1.7147306620609
3,1.27943602669984
3,1.41704346518964
4,1.97225655242801
4,1.81823871494271
2,1.81045678537339
2,1.77846705634147
1,1.78023746213876
9,1.9965486091096
4,1.21563186403364
4,1.50457505136728
4,1.03951781662181
2,1.33674769918434
0,1.09890591120347
0,1.26211087079719
2,1.72297949390486
4,1.00136953382753
2,1.51834114105441
1,1.47060193750076
5,1.65556677035056
2,1.36773469252512
3,1.80312893725932
6,1.51840265467763
3,1.97208319883794
2,1.6659503984265
0,1.16499028354883
6,1.74687432288192
0,1.50288128945976
1,1.06556110666133
3,1.66022681305185
4,1.37695498787798
2,1.09324627113529
5,1.4925060973037
2,1.00072257267311
4,1.25327945873141
4,1.43751390394755
2,1.38452425738797
5,1.1189206240233
2,1.60022803046741
4,1.28686988190748
3,1.64219308784232
2,1.68996392283589
2,1.6819123972673
0,1.60998347890563
6,1.99922296497971
3,1.12757376465015
1,1.5068130614236
4,1.61627322272398
2,1.51250307564624
3,1.6350815964397
5,1.88060874165967
6,1.43580784345977
3,1.82347109518014
2,1.16448153625242
2,1.01098811300471
3,1.84690376534127
4,1.16562679922208
1,1.36353262420744
2,1.74846662487835
5,1.94708280917257
2,1.9048559742514
1,1.51008369983174
3,1.36201572068967
4,1.04241395951249
2,1.19419715018012
4,1.47692230087705
3,1.41230972204357
2,1.00587095762603
4,1.78817019681446
6,1.32560053211637
8,1.40664394875057
3,1.59782739263028
0,1.34350860351697
1,1.24912112648599
4,1.38978239963762
6,1.50449382024817
2,1.55555939604528
6,1.59877392277122
1,1.89863385749049
1,1.75760296615772
1,1.15305108926259
5,1.82124739279971
5,1.49505014577881
5,1.27382978331298
1,1.48347056517377
2,1.30178348557092
6,1.85734018241055
4,1.28268191195093
3,1.64621226279996
3,1.21405054139905
6,1.18429358582944
1,1.6901476343628
1,1.94152270746417
5,1.11372837261297
1,1.31838261801749
2,1.43115425365977
3,1.95158471888863
4,1.77952435426414
4,1.59572487743571
4,1.0703836933244
4,1.26950555434451
5,1.85122358798981
3,1.03114377195016
3,1.06338635087013
3,1.01487738825381
1,1.0840973907616
5,1.74211956793442
2,1.61996977310628
1,1.36320743127726
2,1.35879752202891
4,1.21366917598061
3,1.83745062537491
1,1.07258679787628
5,1.14146026992239
2,1.42503726715222
3,1.34807315305807
6,1.36283933417872
3,1.27974136080593
5,1.95404510665685
7,1.47549412539229
2,1.92641349486075
3,1.23444964666851
3,1.9920375472866
0,1.87154267425649
2,1.01107397582382
1,1.18549455702305
5,1.90786409704015
3,1.11248735198751
1,1.13168941345066
5,1.93318805820309
4,1.65972541994415
0,1.33567661978304
0,1.38023808901198
6,1.65431267535314
3,1.7857720432803
3,1.35855826083571
2,1.53901512431912
0,1.41415151557885
3,1.40617501595989
4,1.44938629423268
3,1.70528178149834
2,1.18755566561595
3,1.66123668197542
5,1.68929906049743
5,1.57745046028867
3,1.94265591190197
6,1.06083925440907
4,1.88267450826243
5,1.95630146074109
5,1.4182110147085
2,1.07901182468049
6,1.48988262424245
7,1.81298047513701
3,1.19881689595059
1,1.41046126047149
3,1.96304159541614
1,1.71350276377052
2,1.02098593791015
4,1.38732694811188
5,1.98450527782552
1,1.06974276877008
0,1.85553773934953
4,1.50931944465265
3,1.02997885411605
3,1.27080249064602
3,1.81438826909289
3,1.77784914895892
3,1.27431688387878
2,1.6343927946873
2,1.01795135322027
1,1.29974487330765
0,1.46033138479106
3,1.23914647498168
2,1.23741511837579
3,1.27384137641639
3,1.57063129032031
5,1.8802893133834
4,1.27188377664424
3,1.14916702918708
1,1.05868003913201
2,1.68766843783669
1,1.62685205438174
2,1.31382748065516
1,1.21872398722917
0,1.54671136685647
2,1.19271463435143
4,1.502954055788
4,1.24379708105698
1,1.05737144895829
4,1.36826535849832
4,1.74409449961968
3,1.06736682145856
2,1.4063414928969
3,1.82759471517056
2,1.64098965190351
2,1.64092002133839
2,1.92472316930071
4,1.23051056708209
5,1.95181397907436
1,1.66622102633119
4,1.53700241097249
4,1.68986110412516
5,1.72164055658504
3,1.53448154707439
5,1.66472016414627
3,1.00083218305372
2,1.73446045652963
2,1.30753142107278
4,1.79334062617272
0,1.06763077294454
1,1.93632202153094
3,1.12824565218762
2,1.03939110529609
2,1.26356640388258
4,1.40119015239179
3,1.88514006999321
2,1.0531772505492
2,1.87663061008789
7,1.09316283254884
1,1.24085335014388
4,1.85459353355691
2,1.27265081601217
1,1.05424239183776
6,1.26097699720412
1,1.01995791704394
1,1.65445219469257
5,1.47799857379869
2,1.37626294768415
2,1.28268495085649
6,1.71062919753604
1,1.28733165422454
0,1.58636575867422
3,1.32587042753585
4,1.859048854094
4,1.93319329083897
2,1.58586963359267
3,1.77761036925949
3,1.41761071747169
3,1.06397203961387
3,1.96097755618393
5,1.52882142504677
5,1.77822327706963
2,1.6886681667529
1,1.73804360581562
2,1.51286726910621
3,1.50049215462059
6,1.18689938518219
4,1.70797383761965
3,1.8975387532264
4,1.36318238684908
1,1.09251274634153
4,1.5639024709817
5,1.56620003166609
3,1.26589913945645
1,1.88329341565259
3,1.4087959267199
4,1.89451473625377
1,1.97951355436817
1,1.33545990358107
3,1.56801561755128
0,1.70560353412293
0,1.57517557707615
3,1.66177090676501
1,1.32677998300642
5,1.19907801481895
3,1.99914471409284
4,1.91407967405394
0,1.61151841515675
3,1.94849424785934
3,1.50554010784253
7,1.80518868099898
5,1.97970622545108
2,1.02883719746023
5,1.25336063024588
2,1.36334356153384
4,1.28016735031269
5,1.29996348288842
5,1.0314701453317
2,1.06880222028121
2,1.66070841159672
3,1.77255110768601
3,1.20957643655129
2,1.46633209800348
2,1.1080412347801
1,1.3001056262292
5,1.93118298146874
2,1.95455601671711
3,1.83703143312596
3,1.77143720304593
4,1.97019741497934
2,1.02930240915157
2,1.22363035334274
3,1.04178252164274
7,1.4286595240701
0,1.21655722218566
3,1.21399138937704
4,1.43374160584062
2,1.18053636210971
1,1.14288585097529
3,1.86250329716131
2,1.37687713140622
4,1.84385442640632
3,1.91515319468454
1,1.45777521468699
4,1.8365991897881
1,1.01253793318756
3,1.29368916456588
4,1.98229600512423
3,1.08713166345842
3,1.8631637764629
3,1.37731808586977
2,1.18427317449823
4,1.59280110546388
5,1.77290523867123
1,1.44800962647423
2,1.80320939910598
2,1.64275701786391
5,1.90253030159511
5,1.46288658306003
3,1.64468995202333
3,1.4787260920275
1,1.16847250401042
2,1.35016300715506
6,1.41149072651751
0,1.44562782836147
3,1.12216850696132
2,1.09168720198795
0,1.44189050607383
3,1.7850866317749
3,1.43937774491496
1,1.96130706649274
0,1.81774555169977
6,1.01641088258475
2,1.65981418546289
4,1.14423559908755
4,1.74501434038393
5,1.6380077295471
3,1.55075002787635
5,1.83127415762283
3,1.07226251042448
2,1.17631245218217
1,1.58327483339235
3,1.70496800774708
0,1.41401451011188
4,1.1735241166316
2,1.49186038342305
1,1.45257390546612
7,1.05348891369067
3,1.07021244382486
2,1.71885013277642
2,1.27457439643331
2,1.01598430844024
1,1.43491376540624
2,1.6643423831556
2,1.04688999662176
5,1.23681681463495
3,1.62904081935994
8,1.67693508882076
2,1.2085998437833
1,1.58117525768466
3,1.92422671569511
1,1.18165778531693
2,1.42052275547758
1,1.39473472745158
6,1.89748479472473
1,1.43629255820997
3,1.03860361338593
2,1.81854872778058
2,1.72276634187438
3,1.98122378368862
3,1.34500863496214
3,1.36398702859879
2,1.99037945875898
6,1.65269223717041
2,1.34205551026389
2,1.62137224385515
3,1.6624988312833
1,1.68245615786873
3,1.67464684951119
4,1.70574216195382
3,1.06481532170437
0,1.72671107552014
6,1.730797435157
3,1.03506551752798
3,1.34031867980957
1,1.32733484613709
4,1.02397472131997
2,1.4626331992913
1,1.24366972153075
3,1.74065873539075
4,1.68800881993957
3,1.70972918765619
1,1.04957959451713
1,1.26923596160486
2,1.47274615778588
3,1.05889466730878
5,1.21642685425468
3,1.49668668792583
2,1.55689231446013
4,1.59812652878463
2,1.73367173038423
5,1.56622537318617
4,1.79685649066232
7,1.68220026907511
6,1.21376076596789
2,1.2148216208443
1,1.42871886747889
2,1.34084871923551
3,1.98332874639891
3,1.04546648077667
3,1.42806805996224
2,1.16506913560443
3,1.97007390065119
1,1.22662406368181
3,1.34983250056393
3,1.52644496154971
1,1.93826880212873
0,1.20913023059256
3,1.9243845876772
4,1.00330249895342
4,1.39858518005349
4,1.46685246611014
3,1.13929800968617
4,1.96681089652702
3,1.45902459765784
3,1.95986948278733
3,1.52710376796313
1,1.31264143530279
5,1.97911682212725
1,1.52611410315149
1,1.13697717175819
5,1.18982005654834
5,1.90267049451359
3,1.02130783372559
4,1.45402635657229
2,1.72128987056203
4,1.78388012223877
4,1.90525194676593
7,1.52070516790263
4,1.79691705945879
3,1.23312132572755
4,1.10952554782853
3,1.48662911052816
3,1.59037265437655
3,1.43257965845987
3,1.23337604803964
3,1.47754034842364
3,1.94505963660777
3,1.71149018430151
1,1.11708015925251
2,1.91698726895265
2,1.94595564343035
0,1.7586380043067
5,1.35030732210726
5,1.94924778537825
1,1.93749771802686
3,1.32656170101836
6,1.42286940314807
0,1.30082380305976
0,1.24323871848173
1,1.5060592785012
3,1.97816651244648
8,1.72932469518855
3,1.12200100417249
1,1.52869890048169
1,1.09754604659975
2,1.20360501902178
1,1.03625393728726
5,1.98101055412553
6,1.35895097116008
3,1.79510538373142
2,1.6029739943333
4,1.88797016674653
4,1.11471107113175
2,1.23638431308791
2,1.47102869558148
4,1.16005754913203
4,1.75124328257516
1,1.83323786663823
1,1.47891615121625
0,1.62597885285504
4,1.95792397717014
5,1.51200209395029
3,1.21184017485939
3,1.39878759137355
2,1.31134985620156
2,1.333442842355
2,1.88228288246319
2,1.86628690850921
0,1.93364077340811
4,1.32950238115154
3,1.82557288068347
3,1.40844031632878
6,1.78736464935355
4,1.41401296202093
3,1.44610397517681
1,1.59835213748738
1,1.08074055262841
2,1.73342541861348
1,1.95918578794226
3,1.87003435287625
2,1.60264705121517
5,1.88496911106631
3,1.31039880588651
3,1.52587289386429
2,1.6084719102364
2,1.54701325600035
6,1.87859231582843
3,1.56928658508696
2,1.48380129528232
4,1.98386932117864
8,1.74750635959208
3,1.32591157336719
2,1.07813395280391
1,1.24881268735044
7,1.45386836887337
3,1.02135166479275
4,1.19052500114776
2,1.67583816847764
6,1.06244807993062
5,1.60855248221196
2,1.34077716455795
2,1.00053311791271
4,1.94598940224387
0,1.29152580257505
4,1.67708540172316
3,1.78902918100357
3,1.67160696117207
2,1.41668386687525
5,1.76267126621678
4,1.95470645162277
0,1.88836250989698
1,1.26146335946396
2,1.30173036223277
5,1.08085991255939
3,1.22817842126824
5,1.03213460627012
5,1.25662866909988
4,1.55887765390798
2,1.18746286304668
4,1.6769421256613
5,1.8116533102002
1,1.29356764093973
5,1.9900007203687
1,1.10166010446846
5,1.3199865447823
2,1.10283872927539
3,1.85835516289808
1,1.19677806179971
2,1.03404146106914
5,1.7516810640227
3,1.15691170888022
1,1.26472699968144
5,1.91834261990152
1,1.44224039441906
5,1.72256867960095
3,1.77001979365014
1,1.75080806738697
4,1.85454883589409
5,1.83763760444708
6,1.29814549046569
0,1.94683468202129
2,1.03545680362731
4,1.0013396886643
0,1.37318928609602
2,1.97191409650259
2,1.4763120925054
5,1.89884315175004
2,1.82925015664659
4,1.40234260703437
2,1.93233008333482
1,1.80983059923165
4,1.66836678702384
1,1.20489907637239
0,1.13244524714537
2,1.41228963155299
3,1.24180004838854
6,1.7816995549947
2,1.16099658235908
1,1.59924215800129
5,1.58078211615793
4,1.22976858378388
3,1.6350971001666
4,1.97589806024916
2,1.4300544699654
0,1.3256945121102
2,1.67194715305232
3,1.07126735104248
1,1.00656004133634
9,1.95483223185875
1,1.99330419395119
5,1.46458013146184
6,1.54150658915751
4,1.46568691940047
2,1.36757321259938
2,1.02976152487099
3,1.13178395759314
4,1.88611650327221
4,1.64845033269376
2,1.74632414220832
2,1.84561376669444
4,1.34433723660186
4,1.47576046641916
3,1.87566206068732
2,1.45754180545919
6,1.63824532646686
1,1.12190919462591
2,1.02789141493849
7,1.24776400369592
7,1.53909006877802
1,1.26533738570288
4,1.31221443833783
3,1.90914216032252
2,1.66206011967734
5,1.74614370521158
1,1.16668037278578
2,1.04550247243606
4,1.60732308146544
3,1.50578136043623
4,1.4916762993671
0,1.4011811548844
5,1.502004443435
2,1.28956889268011
4,1.66685574827716
3,1.03605325054377
3,1.89973419369198
1,1.93463254952803
6,1.79527929308824
6,1.52550326683559
2,1.20778139471076
1,1.02719073556364
2,1.49572903453372
3,1.07399299531244
2,1.82828883943148
3,1.44527954095975
3,1.75569784874097
4,1.48161682556383
1,1.30560461385176
1,1.15255498187616
7,1.3709377979394
3,1.50127949938178
3,1.92082420038059
4,1.17333052470349
0,1.20661562727764
3,1.81662677484564
1,1.9351862911135
2,1.73737809387967
1,1.7385222746525
3,1.15788914589211
2,1.49570842506364
4,1.57485136575997
1,1.21748202596791
1,1.34942940506153
7,1.88378824642859
5,1.19171766610816
2,1.79954890813679
2,1.94380356790498
4,1.20043000695296
2,1.75071612396277
4,1.44516793661751
3,1.69612041115761
1,1.83815006678924
5,1.67634678049944
4,1.78868963685818
1,1.17322750110179
2,1.45593026187271
1,1.85173938446678
2,1.40838221763261
4,1.57155801542103
1,1.02415601722896
3,1.95301493839361
1,1.00469635147601
1,1.36576387379318
1,1.03067745827138
3,1.94632913731039
6,1.60141921672039
2,1.70241779042408
2,1.06477050902322
2,1.64419807167724
2,1.4702380115632
2,1.34235145780258
3,1.10965720075183
2,1.74316721805371
3,1.12233936134726
4,1.42969361855648
2,1.2350223835092
5,1.7831398723647
5,1.74946753424592
3,1.62495414912701
3,1.1411260375753
3,1.95716614625417
0,1.26132688694634
2,1.19774675741792
2,1.23629606305622
4,1.3751699605491
4,1.28593589388765
2,1.15950567810796
3,1.16348224133253
1,1.8497384225484
5,1.56453645578586
3,1.38555046939291
5,1.06395666184835
3,1.46109983092174
5,1.29041036963463
1,1.75708291283809
0,1.25036650826223
1,1.69667352619581
2,1.14644771022722
1,1.45154037466273
5,1.45697761001065
1,1.01846760557964
0,1.09400313906372
4,1.31047311332077
3,1.51408944395371
5,1.54518068186007
5,1.06970801018178
1,1.54793464648537
2,1.46118477312848
0,1.05088520538993
1,1.30050798808224
0,1.46518565295264
5,1.43301873002201
2,1.65677679749206
2,1.97450464917347
4,1.73488814709708
0,1.68448308459483
5,1.32407995825633
4,1.03586809453554
4,1.87018183292821
1,1.48550769966096
3,1.5437459629029
3,1.87603864329867
4,1.77633112971671
4,1.353692043107
3,1.56621262617409
4,1.75203547906131
6,1.05395253724419
4,1.69978624489158
4,1.72857333929278
2,1.81040534353815
8,1.63150357897393
2,1.1400200733915
2,1.06829794263467
3,1.61506971460767
5,1.3883799361065
1,1.16078010201454
6,1.01152025838383
1,1.85026215319522
4,1.38971186615527
3,1.00288160704076
2,1.4701574165374
3,1.7592159814667
1,1.13234227849171
3,1.66539602563716
2,1.02729854802601
5,1.76032241107896
1,1.24261733330786
2,1.56724722799845
3,1.30465823784471
1,1.56914642220363
3,1.57604375923984
3,1.19051660015248
4,1.87723347754218
1,1.95421055331826
5,1.68521102471277
2,1.9403571204748
3,1.1843839797657
3,1.17568105831742
8,1.02128778747283
4,1.58339980151504
2,1.10285888123326
3,1.56730902381241
5,1.30581080215052
3,1.48769824556075
2,1.90852299937978
7,1.82475305022672
0,1.6372042177245
3,1.01981669361703
3,1.18372804415412
1,1.12042599194683
3,1.70848161238246
1,1.95044219796546
3,1.3710048366338
5,1.03858690569177
2,1.65803617960773
1,1.05547736492008
3,1.16046029259451
3,1.73934728372842
1,1.55602563964203
3,1.49507170240395
2,1.07679565250874
2,1.64781727828085
5,1.69431220949627
4,1.28299287590198
5,1.92728175595403
1,1.15885422565043
2,1.82086516194977
4,1.11108733410947
0,1.78140965150669
3,1.76152036106214
3,1.31558009446599
4,1.73883378785104
6,1.43428228166886
7,1.32915183738805
3,1.67561625596136
4,1.11886236490682
5,1.04029560997151
5,1.92117754812352
2,1.33710741298273
2,1.15622504497878
2,1.31549949222244
1,1.35589620308019
2,1.24052139394917
5,1.51353019615635
2,1.50284419441596
2,1.79488773480989
3,1.23008871963248
1,1.84866336756386
0,1.34197734016925
2,1.56384653015994
3,1.69075845577754
6,1.84603425394744
6,1.92262641782872
3,1.99201130121946
5,1.87641661800444
1,1.47567564900964
2,1.51310816383921
1,1.1598940086551
3,1.67937333043665
2,1.02835545944981
2,1.43758434569463
1,1.44835199019872
4,1.84771649655886
6,1.1830402626656
5,1.82680079224519
1,1.54873628728092
1,1.0830492710229
4,1.65124681894667
2,1.63624833896756
1,1.48720629536547
2,1.96743394946679
1,1.27685312437825
4,1.03669205657206
4,1.07274696021341
4,1.32123218220659
2,1.88446001405828
3,1.09325173869729
6,1.40345010627061
4,1.18378529185429
2,1.14918048377149
2,1.80585391935892
5,1.46336006815545
2,1.31498605874367
4,1.86573745077476
1,1.6438780776225
4,1.99802392814308
1,1.32155316439457
4,1.37156596849672
5,1.90997195895761
2,1.50337937637232
2,1.75170237431303
3,1.1022957789246
2,1.28476564073935
2,1.88168751890771
0,1.93138680746779
1,1.041829691967
3,1.23787775123492
1,1.21753843547776
1,1.8324273286853
3,1.21765472181141
8,1.39251801278442
3,1.09898523427546
1,1.63138250284828
5,1.13407942582853
2,1.7567819415126
1,1.61435851803981
4,1.78855047933757
6,1.4451396339573
2,1.88824452506378
4,1.67599322879687
5,1.98307404061779
2,1.52576032560319
1,1.60315887490287
3,1.75874904473312
1,1.21960662608035
4,1.99475602153689
2,1.89913344476372
1,1.39741109707393
1,1.75985280331224
3,1.05211816960946
4,1.85174788581207
2,1.4837193142157
4,1.31914102169685
3,1.86756291030906
1,1.48389055486768
3,1.07761205476709
3,1.73448393750004
3,1.38166913157329
6,1.64201194117777
3,1.66636677342467
0,1.03347414452583
1,1.77979240007699
2,1.70425086049363
1,1.13446256844327
3,1.08982446370646
4,1.21880574873649
2,1.21182981366292
2,1.66230886965059
0,1.47271414287388
2,1.6339063658379
0,1.2097056210041
3,1.45966129936278
1,1.25103116757236
4,1.74117311113514
8,1.81743075768463
4,1.17801043158397
2,1.62517546257004
5,1.52481414214708
1,1.93767566489987
3,1.8746932845097
2,1.11369225475937
2,1.23021748312749
1,1.59882906265557
3,1.9351753781084
3,1.38000151352026
4,1.89617793774232
2,1.88705811486579
1,1.05177238956094
6,1.80267471494153
2,1.3295312076807
5,1.81633735797368
4,1.08095774310641
5,1.8591595957987
2,1.48392780218273
2,1.32369470549747
3,1.70690013933927
5,1.39889109134674
3,1.44384775706567
5,1.36616367916577
4,1.18403740692884
2,1.45827320916578
0,1.65224749105982
2,1.91690152394585
6,1.92915723170154
4,1.05419701756909
5,1.96824466506951
3,1.86518031638116
3,1.64697114680894
5,1.73642526846379
2,1.38532790611498
0,1.44378902413882
5,1.14488212508149
2,1.18297681608237
3,1.92232417315245
2,1.09387584170327
2,1.59695820091292
3,1.0911516752094
2,1.57839383441024
3,1.02777049178258
3,1.15331815020181
1,1.73378326417878
1,1.13604482170194
0,1.42591675347649
1,1.1113165509887
2,1.3181200560648
3,1.59647888294421
7,1.91700701485388
4,1.46385283395648
2,1.62695140647702
2,1.22670135740191
4,1.45889823464677
3,1.47705075633712
2,1.49365320103243
4,1.74668332072906
3,1.23190809297375
4,1.75449977163225
1,1.17661320697516
1,1.1957163112238
5,1.88082183594815
0,1.91767750959843
1,1.68951726495288
3,1.89261133992113
4,1.7004238278605
3,1.27278349315748
1,1.698020640295
2,1.87603819696233
2,1.37633030349389
0,1.84742834675126
1,1.39467631932348
1,1.72599980095401
6,1.8844122167211
4,1.65234320377931
4,1.66845410456881
6,1.75996181648225
4,1.87575641600415
2,1.37912482884713
8,1.53502308903262
2,1.8057149653323
4,1.31153289601207
2,1.9006807859987
2,1.52302771643735
3,1.63508725003339
0,1.55931605887599
6,1.20907650399022
3,1.63160185609013
1,1.40823405305855
5,1.95334416092373
1,1.66872797603719
4,1.44742558686994
3,1.99526108871214
4,1.76848679920658
1,1.83895055577159
3,1.15975685231388
1,1.48520319024101
4,1.57927434728481
0,1.15905557130463
0,1.12622882355936
2,1.05381435179152
1,1.24272376135923
2,1.17616393766366
3,1.89192900666967
1,1.14025680557825
3,1.78504405240528
3,1.44063630257733
1,1.43015004787594
3,1.43311451119371
3,1.69211270613596
6,1.43173552490771
2,1.8346412437968
4,1.48884186591022
4,1.07264613639563
2,1.48521893867292
2,1.32446371135302
2,1.20479587931186
1,1.21726420079358
3,1.7152448061388
5,1.30564335105009
1,1.64647662662901
2,1.42367238202132
3,1.63491861661896
1,1.93109905393794
5,1.74919873848557
5,1.33355446043424
5,1.96893399953842
5,1.24606896238402
2,1.25827594147995
2,1.59476796700619
1,1.30965342489071
5,1.29768834449351
4,1.6651173424907
3,1.62912180367857
7,1.42728592804633
3,1.61553558241576
1,1.62270896602422
4,1.54750063689426
2,1.2909849260468
4,1.37852853443474
4,1.89360548555851
0,1.762623175513
6,1.84607037506066
2,1.72699120268226
3,1.10640636039898
2,1.11105884006247
6,1.35051571927033
4,1.13183410046622
3,1.00948843173683
2,1.97977985301986
3,1.49199619702995
1,1.54889900353737
2,1.23243869794533
4,1.41802575811744
5,1.43417361169122
4,1.66698711877689
5,1.9043282950297
3,1.03783798124641
2,1.87812442542054
2,1.27427603304386
3,1.10374170634896
5,1.97373702563345
4,1.38466030196287
2,1.97498091123998
4,1.7612216626294
3,1.7905771008227
3,1.16652870201506
3,1.43926004949026
2,1.82418840751052
3,1.30844016070478
5,1.47842607973143
0,1.0494837530423
2,1.26713377074338
4,1.59555694158189
3,1.73831147747114
1,1.61766133736819
0,1.42537670955062
2,1.93615371850319
6,1.94861328206025
3,1.4986026044935
4,1.97453762288205
3,1.3078840689268
3,1.39415846159682
4,1.38097132043913
4,1.66283818357624
4,1.21093862480484
2,1.48240197612904
6,1.48573583038524
3,1.73339991946705
3,1.27630759356543
5,1.17096187570132
1,1.38759495108388
6,1.10092960041948
2,1.72991799563169
3,1.82139324606396
1,1.11421821219847
4,1.52806434244849
1,1.93249870627187
1,1.11770782247186
2,1.27055496373214
2,1.72528595640324
6,1.60738846077584
0,1.23874742211774
2,1.38337436970323
3,1.3553674663417
4,1.40240152925253
0,1.60983017482795
4,1.59769831295125
2,1.14878859883174
6,1.68836772046052
1,1.57429652335122
9,1.4557180213742
5,1.33864895952865
3,1.6975822695531
6,1.55593800218776
1,1.69035750464536
5,1.88224715343677
5,1.85064270021394
3,1.89786211866885
7,1.29068843065761
5,1.89085290161893
2,1.18030949356034
3,1.99471856607124
3,1.63978613191284
3,1.71111659100279
2,1.85940755042247
7,1.14068992529064
2,1.85821188427508
3,1.66674617491663
2,1.47531123342924
2,1.60713278572075
7,1.24535564286634
1,1.1088781550061
1,1.49893436324783
1,1.69847670570016
4,1.60735978092998
0,1.15551093546674
2,1.50495042814873
3,1.1802987572737
5,1.27637898596004
4,1.2878774846904
7,1.47053069807589
4,1.38577822037041
3,1.38309116871096
3,1.02165000280365
0,1.40877001336776
8,1.8075835481286
0,1.17372387950309
2,1.13365025445819
2,1.67673698370345
5,1.74337499309331
1,1.69519874593243
1,1.87272172328085
3,1.61259821476415
4,1.3392777799163
5,1.70057084714063
6,1.88450254616328
2,1.40914556197822
4,1.88119658781216
1,1.19423348107375
4,1.8996080767829
7,1.07457217830233
3,1.62318586371839
3,1.24785597296432
4,1.27031188691035
4,1.10396192851476
3,1.22157486062497
1,1.03457828052342
6,1.55172736081295
2,1.14425980113447
2,1.32869975198992
2,1.50031165243126
3,1.0829498025123
2,1.62714244215749
1,1.57568346522748
2,1.45269174221903
4,1.20894936658442
5,1.31590466061607
3,1.90105371503159
3,1.48314817296341
6,1.94147811434232
3,1.66300860745832
1,1.33791436185129
4,1.49998222361319
2,1.17326263803989
3,1.63058904302306
2,1.39016135339625
1,1.18850609776564
1,1.24593769549392
4,1.45982373855077
5,1.88593146763742
3,1.66185106360354
2,1.67385876993649
4,1.09341082163155
3,1.22177394898608
7,1.06320834811777
3,1.09787925123237
3,1.67613973189145
1,1.65887695015408
6,1.92547350097448
3,1.29034977033734
2,1.53671506373212
4,1.95733661483973
2,1.28033378557302
1,1.19230512762442
1,1.62370345345698
4,1.32709877612069
2,1.49851057864726
2,1.70297330850735
3,1.55436936346814
2,1.02191883767955
4,1.5204841431696
3,1.02396312612109
4,1.62035473994911
5,1.46866687573493
4,1.95669497409835
3,1.78083798266016
4,1.07796256011352
3,1.73613674286753
3,1.86487269890495
0,1.24068371229805
6,1.7369457166642
4,1.8335299200844
2,1.6445095774252
6,1.02277560741641
1,1.36257660062984
0,1.65907392720692
4,1.95285841426812
2,1.25248943129554
4,1.01180125772953
3,1.88936782535166
5,1.50950808357447
7,1.60237086866982
5,1.31605581450276
1,1.20608489471488
1,1.02239888324402
4,1.15979353059083
2,1.16511477692984
2,1.89508614712395
2,1.82210291479714
3,1.49558599619195
1,1.43098496156745
4,1.35208001011051
0,1.70077143562958
0,1.46170755242929
6,1.88091164384969
1,1.29559718514793
4,1.87777990382165
1,1.11882940097712
4,1.77736670896411
2,1.37067003943957
2,1.7112293986138
3,1.16325979097746
2,1.37036496470682
8,1.08107148436829
5,1.50480571179651
1,1.16220682649873
3,1.81444864743389
1,1.63266505184583
3,1.58522008894943
3,1.73817495303228
4,1.25508880754933
6,1.81591452192515
5,1.89869926148094
3,1.67163481027819
3,1.75607986329123
2,1.93295784061775
5,1.88988563651219
6,1.7987880113069
3,1.11073500476778
3,1.69278372451663
3,1.64192378637381
6,1.65252839913592
3,1.94628319353797
3,1.90445183520205
2,1.35244664479978
4,1.7729527791962
3,1.66578729008324
6,1.8098609407898
5,1.23475043615326
2,1.14903283584863
3,1.45016883360222
4,1.1532790705096
1,1.59766748314723
2,1.08906822861172
2,1.86312921042554
4,1.30289822584018
4,1.5190943966154
3,1.64800095371902
2,1.79446750460193
1,1.20244196639396
2,1.95650803553872
6,1.76976518006995
0,1.97876807418652
2,1.89254246233031
2,1.28227040544152
2,1.87638145266101
2,1.51175965112634
0,1.00830433610827
5,1.4429679652676
8,1.53864383255132
1,1.86333128158003
1,1.82705882494338
3,1.63385889376514
1,1.50374336866662
6,1.18279686477035
3,1.80424884473905
3,1.68746624980122
2,1.39164861128666
3,1.35548669775017
2,1.91798637760803
2,1.3156726071611
4,1.91039484972134
4,1.9622772121802
3,1.86204883805476
1,1.163076733239
2,1.93319388641976
2,1.02463549468666
6,1.58559325966053
7,1.67909853695892
4,1.69634386594407
1,1.17742943693884
3,1.02142265113071
5,1.68339077802375
2,1.818573910743
0,1.37121267500333
8,1.85229986719787
3,1.6292595975101
4,1.48860890627839
6,1.23461903980933
1,1.50697241653688
0,1.50579827814363
2,1.50865246378817
1,1.97186918067746
5,1.72920902073383
2,1.56956626824103
3,1.56309307785705
1,1.44834170630202
0,1.24293193593621
2,1.1709125705529
3,1.47592158080079
2,1.54739528335631
3,1.80655551468953
2,1.4778970903717
3,1.01212154701352
4,1.22712360764854
2,1.5881065975409
3,1.28720960509963
4,1.28966360283084
2,1.11914899433032
4,1.94802412786521
5,1.8782643051818
3,1.774520349456
4,1.3828183314763
6,1.5659492968116
0,1.33823865209706
3,1.46657164627686
7,1.50573911634274
3,1.13400396634825
2,1.26342489407398
4,1.41326409741305
4,1.26740719610825
4,1.31294008018449
3,1.49318785220385
3,1.23209345969371
4,1.93404984148219
4,1.11157403909601
3,1.05358297843486
3,1.63887019455433
4,1.74334187293425
4,1.89708953490481
2,1.67382011911832
1,1.34091524523683
4,1.18370992317796
2,1.41868116357364
3,1.38057903805748
2,1.20688472152688
2,1.51374234538525
6,1.78897564066574
3,1.90060218051076
3,1.09108928684145
3,1.81299880216829
0,1.98140446492471
2,1.35209627752192
2,1.71649945690297
3,1.60539716831408
1,1.50397046492435
1,1.90758495917544
1,1.15238295402378
3,1.29372293665074
2,1.17417135904543
2,1.08836079225875
1,1.26380675332621
6,1.8798045697622
6,1.3619881994091
4,1.13275359664112
3,1.74569489201531
2,1.41521417535841
2,1.2193611797411
2,1.23788715619594
2,1.99473626748659
6,1.51277332520112
2,1.0537669043988
4,1.74025282473303
6,1.53487788117491
1,1.39514894667082
0,1.00468073808588
3,1.25607135496102
4,1.07198118325323
2,1.5574642450083
4,1.11028303462081
3,1.39557079761289
5,1.54891891754232
2,1.56557705346495
3,1.96005873871036
2,1.48309086775407
4,1.31406936654821
2,1.75648291944526
5,1.36561175971292
2,1.74760131514631
5,1.31070358189754
3,1.18056736839935
2,1.69993776688352
3,1.80304682254791
2,1.85228855558671
4,1.16030430817045
6,1.5765439257957
1,1.4403260811232
4,1.80499209742993
5,1.59706469275989
2,1.12772411713377
5,1.8219683021307
3,1.33845012448728
2,1.44906942476518
5,1.85615774942562
2,1.75791721092537
0,1.31870614597574
3,1.80321005475707
2,1.42637132876553
3,1.22600994561799
1,1.27831092756242
4,1.69820175552741
2,1.26993200927973
5,1.00194415473379
1,1.26199736865237
8,1.95228978712112
1,1.30755586898886
2,1.98165718349628
4,1.99730005348101
3,1.12774235731922
3,1.49116171337664
2,1.4581496254541
2,1.51322770956904
2,1.50973932095803
2,1.06566009158269
5,1.71648577554151
2,1.48935527983122
3,1.48733643535525
2,1.83052202081308
2,1.43756340607069
2,1.02687988989055
1,1.91047932812944
1,1.34782016137615
0,1.19076724187471
2,1.87528911489062
0,1.31242573424242
4,1.05448633711785
2,1.82596363732591
2,1.92696838383563
2,1.52779426448978
4,1.80797198694199
3,1.20564696541987
3,1.50216297968291
3,1.49119560443796
6,1.92883568746038
3,1.27089180448093
3,1.4312682505697
2,1.8668294949457
7,1.40420849644579
2,1.58692291774787
3,1.14579947851598
3,1.37943619862199
4,1.13164515676908
3,1.50254129921086
3,1.44547055312432
1,1.02482509706169
5,1.00654259277508
2,1.63831514725462
2,1.84124669875018
2,1.40083737415262
3,1.71851543732919
2,1.32960300962441
1,1.28445067955181
5,1.98735035327263
2,1.73498007073067
2,1.05898507474922
4,1.90818811603822
1,1.32544342894107
1,1.79681466449983
1,1.2639460042119
1,1.89250630210154
5,1.24043385242112
1,1.32727610040456
2,1.82185161486268
3,1.76325258123688
5,1.41375441616401
4,1.5343584313523
0,1.12687569716945
1,1.10986136738211
5,1.7052582197357
4,1.70693586021662
6,1.16490976139903
2,1.74783964827657
2,1.77922290563583
3,1.81193391117267
2,1.18773740716279
4,1.77673452999443
2,1.41585224517621
6,1.26973690651357
3,1.68037889618427
2,1.25361640076153
4,1.05428004451096
4,1.29092125338502
1,1.0218041264452
2,1.56916983705014
1,1.66342882625759
3,1.98488226812333
3,1.35271125356667
7,1.51164586632513
2,1.61334277293645
2,1.96614272962324
3,1.76467581209727
0,1.21004623570479
7,1.47380676027387
0,1.62235871166922
3,1.76033799396828
1,1.04854475124739
1,1.47407306614332
3,1.14647126779892
2,1.26169433468021
3,1.18361396086402
6,1.67329390509985
3,1.13270518323407
7,1.8145186365582
10,1.98684433684684
0,1.68197843525559
3,1.10760989366099
3,1.87573641282506
3,1.64941209601238
4,1.22919088345952
4,1.09438510215841
3,1.90952170174569
2,1.4881261694245
3,1.8876616875641
1,1.9995899037458
0,1.97740846592933
2,1.03730611223727
4,1.30590921128169
1,1.02629250776954
4,1.99707988998853
6,1.91926521947607
2,1.92639848124236
3,1.41777299693786
3,1.47005130560137
4,1.14444697252475
1,1.68887512036599
1,1.68794880621135
1,1.18215425522067
1,1.14259973494336
5,1.77305429219268
3,1.23932815506123
1,1.03595937858336
2,1.51221790420823
1,1.49689588183537
2,1.23056254885159
1,1.94290972291492
6,1.33047253731638
3,1.94644174864516
3,1.43972382508218
3,1.30877254367806
4,1.34606422577053
5,1.11279470822774
5,1.67212546360679
3,1.77828870550729
2,1.61499095521867
2,1.4779829387553
4,1.4060829684604
3,1.66231502196752
4,1.9745470166672
6,1.53530442318879
3,1.74192296410911
3,1.82454662281089
1,1.64557901071385
5,1.38558415393345
2,1.91180883650668
2,1.47069963510148
2,1.20626948261634
2,1.90597407729365
1,1.60472840676084
4,1.31010645139031
5,1.02449622773565
3,1.86677864775993
5,1.90816787583753
3,1.92656740942039
4,1.86435886379331
1,1.75007242686115
4,1.00499000446871
2,1.8654108021874
0,1.28035923745483
2,1.26394052570686
2,1.63863325282
5,1.38404062390327
1,1.74432153603993
2,1.89446475193836
4,1.33997825952247
1,1.3703259374015
3,1.86464380472898
4,1.65217005345039
7,1.86855671578087
0,1.88274062704295
0,1.39234545454383
3,1.82005691109225
3,1.3864190177992
4,1.29353775247
3,1.08124635764398
2,1.53403890645131
1,1.1240160104353
1,1.61906811012886
1,1.49468948878348
4,1.81774271908216
4,1.10503746406175
4,1.83278493746184
4,1.86983620212413
3,1.05800746358
2,1.96992128062993
2,1.51655286084861
6,1.80902254837565
5,1.94559821253642
2,1.68698876001872
2,1.71863478212617
1,1.190867790021
0,1.1301545703318
3,1.95454306481406
3,1.33831711183302
0,1.79377578175627
1,1.71779409656301
4,1.39416953315958
2,1.30688218283467
0,1.05615963623859
1,1.36301481025293
5,1.66925151599571
4,1.43365642800927
3,1.61514340690337
4,1.53551831911318
3,1.67198858829215
1,1.45048595895059
0,1.78327957284637
2,1.64438630640507
1,1.89295328781009
2,1.95854551671073
2,1.09336675819941
2,1.99758540652692
5,1.80193379381672
2,1.00929687148891
1,1.36167803010903
3,1.1128693362698
1,1.70973086636513
5,1.26400504959747
7,1.90470662433654
2,1.50585241452791
3,1.8984807129018
0,1.51518375938758
3,1.59144649538212
1,1.36647095694207
1,1.96933938632719
3,1.52120174560696
6,1.4499745327048
1,1.99158516107127
5,1.82124732481316
0,1.11153012234718
3,1.77723847748712
1,1.04625166975893
1,1.70669173263013
1,1.327519092476
5,1.4660736520309
4,1.72632920695469
4,1.45149762835354
3,1.48134171683341
4,1.53370239562355
0,1.15941869234666
1,1.14259940152988
1,1.61616176529787
6,1.30220270901918
3,1.55178277008235
6,1.35147186438553
2,1.50578512088396
1,1.39437494706362
1,1.29747882508673
3,1.1971585706342
4,1.71998549182899
6,1.03866849490441
2,1.05550406477414
2,1.82447605999187
4,1.31779617839493
4,1.28652775660157
0,1.07334766560234
3,1.72767689498141
4,1.20668747881427
4,1.82211194420233
3,1.39462000946514
2,1.3464868129231
3,1.94902478740551
0,1.41286434023641
7,1.60728225670755
2,1.84289765683934
2,1.46156169078313
5,1.83617938915268
2,1.75366637203842
3,1.3741833048407
5,1.98858111491427
2,1.97941161482595
2,1.80138238565996
3,1.45764212193899
4,1.74679047102109
4,1.12291122414172
7,1.39980327873491
6,1.37751386477612
1,1.03939566574991
2,1.68779211188667
2,1.0471803622786
5,1.9774472261779
2,1.33628346188925
2,1.0935049073305
2,1.53550794278271
2,1.42457501660101
1,1.09819469647482
3,1.82051695557311
3,1.02050347137265
4,1.78532091458328
5,1.87376021267846
3,1.7204737260472
4,1.03844633535482
5,1.98092697630636
4,1.45432021445595
2,1.9586065618787
3,1.39305195165798
2,1.99474860704504
1,1.73940657638013
6,1.98693533893675
3,1.7673477132339
3,1.32940654829144
5,1.58613332989626
4,1.89155289018527
3,1.05703519238159
2,1.77343776402995
3,1.83089822297916
6,1.59989903820679
3,1.89823461952619
1,1.42642076476477
2,1.14457652508281
5,1.49118506768718
4,1.38240255066194
5,1.08255152660422
2,1.86242069606669
3,1.51474058954045
4,1.1840494768694
2,1.40557520207949
1,1.30589768756181
2,1.79866425646469
1,1.35847787884995
5,1.87068154173903
3,1.49490522081032
3,1.2611568546854
3,1.35287619801238
2,1.12427252181806
1,1.02337841503322
4,1.93605450820178
1,1.65308302058838
4,1.51028354582377
2,1.12735537136905
1,1.1758480805438
5,1.62276688870043
3,1.13759306096472
3,1.01724721840583
0,1.61156023736112
4,1.74875560496002
1,1.45727555733174
4,1.93844632408582
2,1.4609123240225
2,1.42752363323234
1,1.75389417167753
1,1.1557692817878
3,1.89366228296421
1,1.64088239544071
4,1.42774527310394
2,1.92568919761106
1,1.00289860623889
1,1.18590930779465
1,1.10669041890651
2,1.24147182237357
3,1.13045932748355
1,1.81004633056
0,1.21956168627366
1,1.84083203342743
4,1.33796141389757
4,1.5830360155087
4,1.70037654950283
3,1.06212612986565
4,1.12008836097084
3,1.51358384545892
4,1.60778208449483
5,1.03687791083939
5,1.83134786994196
4,1.55967173655517
1,1.40217313077301
4,1.27686610305682
7,1.69577901670709
5,1.06381057854742
4,1.76485307281837
5,1.4607431543991
4,1.98116453085095
4,1.09713107557036
2,1.25144292530604
3,1.13856252562255
3,1.92849689465947
1,1.3959867679514
4,1.17012572963722
4,1.1436607898213
3,1.65720116067678
3,1.55708035640419
2,1.5125666835811
1,1.87413063971326
7,1.4072939727921
4,1.17593342112377
0,1.52885516430251
1,1.50212303712033
0,1.44789943564683
2,1.11861005518585
4,1.48081775405444
3,1.71736591635272
2,1.36274343635887
3,1.79564419551753
2,1.18220776552334
3,1.65607608295977
3,1.40229144319892
2,1.50627784174867
4,1.75162174669094
4,1.45980108506046
4,1.90537837310694
3,1.20319027476944
5,1.13602815405466
3,1.96482254494913
3,1.74843851197511
3,1.97321256808937
2,1.96746772713959
2,1.21770742489025
5,1.47664206638001
1,1.30177090433426
3,1.26515410793945
4,1.25647758296691
7,1.20756553928368
3,1.96254148334265
5,1.45365045662038
3,1.79834751063026
2,1.11131437169388
3,1.23552568466403
7,1.94821510370821
5,1.03582344669849
7,1.83656844845973
3,1.13120649755001
2,1.72582233301364
3,1.03176391054876
1,1.98746451199986
4,1.96190768061206
2,1.48436773638241
8,1.52042976510711
3,1.23000389197841
1,1.06964642740786
1,1.01822766242549
1,1.52877989714034
2,1.67171190772206
1,1.22728697094135
0,1.6754357968457
2,1.98359635681845
5,1.35713593941182
1,1.25810828036629
6,1.01355975726619
1,1.10610726010054
4,1.35816080938093
3,1.65165174682625
3,1.26249612658285
1,1.4529928099364
3,1.96520209638402
8,1.90928410785273
5,1.08649886096828
4,1.27176039968617
5,1.09181591984816
3,1.84028616128489
4,1.54949533124454
2,1.75875841942616
1,1.36856092978269
6,1.23362667416222
3,1.86679862788878
4,1.91056392411701
0,1.69453213666566
5,1.82460410427302
6,1.17952951602638
3,1.22207489400171
0,1.97825650312006
4,1.17071025166661
1,1.14483168930747
4,1.30707956454717
1,1.28720864467323
2,1.98409809637815
2,1.4487163820304
3,1.53740445780568
4,1.13878832105547
1,1.9107097866945
2,1.4472684415523
3,1.737860691268
7,1.42126586590894
2,1.80662032146938
1,1.07130986568518
5,1.95530719705857
1,1.49315161001869
5,1.17141879792325
3,1.34010117035359
3,1.41737270518206
3,1.86335690622218
4,1.76562650525011
8,1.5343320723623
1,1.86519838590175
3,1.69529512710869
5,1.62147565558553
0,1.8762511794921
6,1.05957639287226
3,1.20914184115827
2,1.89990025456063
5,1.49715165793896
6,1.04111761343665
4,1.65239377482794
5,1.61564739863388
3,1.83578767068684
4,1.93329341406934
3,1.67435670131817
1,1.29823446879163
0,1.361351222964
2,1.22918661916628
4,1.16178217809647
1,1.53181605087593
0,1.09638839052059
4,1.20283110253513
2,1.0505248894915
4,1.40439331554808
0,1.1102632896509
1,1.64348641759716
2,1.4100590867456
2,1.21305718598887
3,1.76364290784113
3,1.75028348830529
2,1.72700480674393
1,1.87740658363327
2,1.25496865902096
2,1.69648830709048
2,1.96320999809541
0,1.87503590108827
1,1.08912301552482
2,1.52015012828633
6,1.06696296506561
4,1.33005954092368
3,1.84191257460043
5,1.50356376636773
3,1.84187441249378
4,1.88977758446708
3,1.79951168783009
1,1.29804496257566
1,1.47937712189741
4,1.71680597681552
6,1.47024572198279
1,1.57008980633691
2,1.17547927587293
2,1.25896497117355
7,1.63590071536601
4,1.10074599506333
2,1.31726593780331
5,1.27583515853621
6,1.84469869732857
2,1.28974529891275
0,1.00898715876974
2,1.4721490626689
3,1.57681959727779
6,1.6927512716502
2,1.78213268704712
1,1.40529345115647
3,1.7885271999985
3,1.83332891855389
1,1.81950052944012
0,1.96346328174695
3,1.29697914957069
5,1.73670717445202
5,1.21887993672863
4,1.81287730718032
3,1.21067440626211
2,1.43240732536651
2,1.10315127391368
2,1.8242127681151
2,1.82238119817339
3,1.43448722432368
5,1.91269324487075
4,1.78013963578269
8,1.57473942195065
7,1.98130295658484
5,1.25334925320931
0,1.45381954894401
3,1.12945383740589
3,1.27359332959168
3,1.40367134613916
1,1.09850958734751
4,1.36120945774019
3,1.45116196549498
1,1.04868769925088
3,1.53512333310209
8,1.80510806292295
2,1.36251137172803
1,1.04287167172879
2,1.06134727597237
4,1.77216187445447
4,1.86759038548917
3,1.08326512202621
2,1.11409145966172
3,1.93651113566011
6,1.03672405844554
1,1.1955788244959
1,1.677620023489
4,1.13918713736348
4,1.79885514802299
5,1.5721729376819
3,1.31588615849614
5,1.23641425534151
5,1.78213643701747
2,1.81930029322393
7,1.5040070284158
4,1.74890925339423
3,1.3454532311298
3,1.55244598025456
3,1.67966837109998
5,1.67666868399829
1,1.07217091438361
3,1.78581706178375
3,1.72082197596319
4,1.18405500077643
3,1.61596127576195
2,1.66002576658502
2,1.1275101613719
1,1.4824951083865
5,1.6302864823956
3,1.91952306171879
2,1.8574868591968
3,1.43039584648795
1,1.0307578605134
3,1.21557694417424
5,1.59362294781022
2,1.10603941418231
4,1.86880103033036
3,1.01790158380754
3,1.9292792880442
4,1.20670212688856
3,1.25462472857907
3,1.94432562799193
1,1.98036547657102
1,1.84143782663159
2,1.56019078195095
1,1.50648579956032
3,1.27672509313561
5,1.47898695804179
2,1.74991857772693
3,1.77913785795681
0,1.30888964724727
5,1.90426282351837
1,1.75354885985143
3,1.11886555911042
2,1.14231465943158
4,1.97575303935446
1,1.68114947923459
2,1.52747456380166
1,1.57022374216467
1,1.8352848959621
3,1.74765877332538
5,1.3072377233766
5,1.26160826999694
2,1.26033595809713
5,1.06476618140005
4,1.48454417358153
3,1.99734397116117
3,1.81668111146428
5,1.67946405755356
3,1.55113750649616
5,1.08529342780821
2,1.17678151628934
2,1.74319124477915
4,1.37907496117987
4,1.26815190771595
2,1.45365751232021
3,1.25523044727743
1,1.52687795669772
1,1.35219752322882
3,1.95163198537193
4,1.85406169318594
3,1.03037128783762
4,1.01388386450708
2,1.54053968237713
3,1.47805177723058
4,1.4656355897896
2,1.35223877429962
3,1.28625421458855
1,1.80553280143067
3,1.97690897574648
2,1.65768051566556
5,1.15819691540673
3,1.36285021249205
2,1.46827830793336
1,1.51392575330101
1,1.47955790604465
3,1.41494349506684
4,1.94007926527411
3,1.76594202988781
2,1.44564276444726
2,1.31524990266189
2,1.09420127933845
5,1.42817167378962
5,1.16270142747089
5,1.56065307720564
3,1.39902477082796
3,1.95648956228979
2,1.42378377914429
2,1.68943914258853
4,1.26554955379106
4,1.17724045645446
1,1.30842114822008
5,1.3876514271833
4,1.48562048468739
4,1.17626697360538
3,1.99363719252869
3,1.81009694002569
7,1.73937019123696
5,1.83918473147787
1,1.6033836978022
2,1.04322770587169
3,1.49492514156736
3,1.38658843259327
5,1.66692081396468
4,1.37452577939257
1,1.7215064521879
5,1.32169539388269
2,1.18822229653597
1,1.85846148733981
3,1.95493560167961
2,1.17489245277829
1,1.76087328162976
3,1.34546958189458
1,1.08242104551755
1,1.00056460150518
4,1.22208243841305
6,1.83462558384053
3,1.75724026258104
0,1.14502840768546
2,1.615399929462
3,1.0578919579275
7,1.78238155110739
2,1.34376753563993
3,1.14986559236422
1,1.94989454350434
1,1.44836332532577
3,1.7095046096947
3,1.53230008785613
6,1.56216348242015
5,1.96887661702931
7,1.94553295150399
6,1.59169098013081
3,1.05267835850827
3,1.77912827092223
5,1.69186834106222
3,1.62480828049593
1,1.37899169907905
1,1.43679838674143
6,1.76885983743705
2,1.30741673195735
3,1.25350331026129
1,1.03439760394394
4,1.2312975989189
3,1.21530000143684
3,1.94193856464699
1,1.71167466253974
2,1.03710953588597
6,1.30401496379636
2,1.00384877761826
1,1.63903064629994
2,1.84106518817134
4,1.17043776088394
3,1.82867669989355
1,1.65384221309796
3,1.70078630303033
4,1.33078892226331
0,1.33693842845969
5,1.83667739341035
7,1.65212441422045
9,1.83018973399885
3,1.57567399577238
2,1.12210569018498
1,1.21342550660484
1,1.83248849236406
7,1.89767458057031
3,1.45740774227306
0,1.52467824867927
2,1.79838455701247
5,1.75471563613974
1,1.22047186875716
3,1.61110206111334
1,1.88605534587987
2,1.82020309288055
5,1.31183180655353
4,1.21486199158244
3,1.79774435004219
4,1.51336652319878
6,1.71642196690664
3,1.24295108625665
1,1.87527269870043
2,1.943467234727
3,1.16360968770459
0,1.14284381340258
2,1.87950231088325
2,1.73635772056878
0,1.04847892560065
5,1.34810140472837
7,1.41638834215701
1,1.9822194587905
5,1.95578514458612
2,1.51016460242681
3,1.97392599028535
1,1.80296485917643
4,1.04945446597412
1,1.14025669475086
2,1.04193673608825
5,1.72406026208773
4,1.08372779097408
6,1.68714383291081
3,1.06846313318238
3,1.72981746029109
1,1.16731957369484
3,1.91228780336678
1,1.37240763287991
6,1.42077527707443
4,1.79457618505694
5,1.52880353899673
3,1.8435447930824
1,1.73990221484564
4,1.54458360443823
2,1.53043008642271
2,1.31917305151001
2,1.13543831696734
6,1.57120355218649
6,1.925907215802
2,1.0542058669962
1,1.18356986856088
0,1.87532455543987
3,1.27551262709312
2,1.6559890632052
3,1.29424640513025
3,1.00454024947248
2,1.96994762611575
3,1.53735402249731
0,1.48997933650389
3,1.53149302350357
3,1.10135273146443
6,1.06433359626681
1,1.53979953262024
6,1.88609519833699
3,1.27130632358603
3,1.07510027452372
4,1.92625449295156
5,1.72643061866984
0,1.86792198009789
1,1.47547976649366
6,1.59405320999213
1,1.68381693284027
1,1.69595041871071
3,1.65109761664644
2,1.07847579196095
3,1.53350889333524
1,1.48347894102335
6,1.48170214286074
4,1.8789641764015
5,1.60036745318212
2,1.78728765738197
2,1.38732850342058
6,1.09188995836303
4,1.62439138162881
0,1.1016655927524
2,1.81272334582172
4,1.88971361005679
2,1.02388740121387
2,1.36375367059372
4,1.7238267196808
2,1.93753175623715
2,1.26290655694902
3,1.71608169656247
5,1.37349617970176
0,1.98172132275067
4,1.88030162756331
8,1.93060307577252
6,1.52763044601306
4,1.29760459135287
1,1.35368739138357
2,1.64445330179296
5,1.64649952598847
6,1.38575932686217
3,1.18457614956424
3,1.88416982488707
2,1.03491561789997
1,1.10327004315332
1,1.57540140696801
3,1.90737976273522
3,1.46461717924103
3,1.32327065756544
3,1.58470361214131
3,1.65284752217121
0,1.65712272701785
4,1.23158484580927
2,1.6541833889205
4,1.42673177365214
3,1.02218476287089
2,1.46550090075471
2,1.54795083752833
5,1.45519228535704
2,1.52861196151935
4,1.62019528727978
2,1.83596863225102
3,1.79958601482213
5,1.68525119032711
1,1.03597387904301
3,1.7713643333409
2,1.84125813213177
5,1.02119370014407
2,1.32336198491976
4,1.3929694739636
2,1.93286042055115
1,1.3612835041713
3,1.57406614278443
2,1.81679670605808
1,1.78247864358127
1,1.39663534192368
4,1.03845896432176
3,1.25427142973058
2,1.57645840081386
3,1.3024461644236
4,1.13841402996331
3,1.85941783012822
1,1.02811045316048
0,1.66401882003993
2,1.55512832547538
3,1.44498613523319
0,1.94031547545455
5,1.60971773695201
3,1.30956680467352
3,1.97691891901195
5,1.14610493695363
3,1.44740953692235
5,1.41390704456717
3,1.66924474411644
2,1.31394060235471
3,1.81479527801275
4,1.93027279060334
3,1.37422121386044
0,1.23159994301386
0,1.22872006078251
2,1.89483426930383
3,1.03555787284859
1,1.52487084502354
4,1.95464357035235
2,1.86223834520206
1,1.38988204742782
0,1.12898822990246
4,1.71114381332882
2,1.78559181350283
3,1.29378251289017
3,1.25445823883638
2,1.51458814763464
5,1.58248347439803
4,1.97790744481608
1,1.33609248301946
3,1.28444626345299
4,1.12511267419904
3,1.33055426832289
4,1.93812649394386
3,1.2472242244985
1,1.22139897150919
3,1.46779080107808
1,1.81147615984082
1,1.67255844292231
4,1.2991297331173
2,1.32214955706149
4,1.64070768165402
3,1.37148863309994
3,1.02056216774508
1,1.52651779400185
2,1.65324818319641
4,1.38189810304902
2,1.18260226794519
1,1.83206217968836
0,1.09095970191993
2,1.77979304641485
4,1.71110331569798
3,1.68822113471106
0,1.32466327771544
7,1.24343628692441
2,1.1170506188646
1,1.90442951465957
3,1.5236361452844
3,1.92498771124519
3,1.01550900191069
6,1.84915700508282
1,1.29803273850121
4,1.98109310842119
3,1.28727036085911
2,1.92097590561025
5,1.48551587737165
2,1.86573984613642
5,1.74033532850444
1,1.52038008277304
3,1.73528487351723
4,1.15887166652828
6,1.63209637114778
4,1.43812928861007
3,1.3646882083267
4,1.70088127348572
2,1.63307900191285
2,1.59067743108608
4,1.22848085896112
3,1.37857082253322
2,1.17042265785858
5,1.50372547167353
4,1.58482396532781
2,1.72794717084616
3,1.98302428983152
1,1.85518549149856
1,1.8966067940928
4,1.29524457431398
4,1.3674404877238
3,1.32070180098526
0,1.68366445577703
0,1.27534576249309
2,1.24246133468114
1,1.48097939440049
2,1.79465114371851
2,1.17458746675402
2,1.78481162386015
6,1.13350683730096
1,1.43146738014184
3,1.91573173948564
2,1.57935693697073
6,1.83963206736371
2,1.28908858005889
2,1.65427661221474
4,1.8594923960045
4,1.70246141357347
1,1.44301677728072
2,1.27306944760494
1,1.08038511360064
1,1.57927839970216
5,1.83144751214422
1,1.32604203000665
2,1.79863215982914
2,1.3492344301194
3,1.49754218524322
3,1.66580803785473
4,1.37289380654693
1,1.629393247189
3,1.41116018407047
4,1.71242876397446
4,1.04197983583435
